{
  "num-samples": 50,
  "labels": {
    "000000000": "်လောက်",
    "000000001": "နေနဲ့",
    "000000002": "ွင်းသိ",
    "000000003": "ပြီးအပြန",
    "000000004": "ည်လူရှင",
    "000000005": "ရွှေချစ်",
    "000000006": "ရှင်းပြ",
    "000000007": "နှစ်သက်ကြ",
    "000000008": "ငံ၏စီးပ",
    "000000009": "ှင်းပြသ",
    "000000010": "်ကျွမ်းစ",
    "000000011": "ှံစာဥပမာဆ",
    "000000012": "့်ပြီးသေ",
    "000000013": "ိုရှာကြသည",
    "000000014": "ာင်ပုပ်က",
    "000000015": "ြီးဦးအ",
    "000000016": "ံ၏စီးပွာ",
    "000000017": "်းကိုက",
    "000000018": "ိတ်များပ",
    "000000019": "ုဖြစ်",
    "000000020": "ုန်းသတ်မ",
    "000000021": "ွဲတော်မ",
    "000000022": "်ဟုဒုတိယ",
    "000000023": "ချိန်တွင်",
    "000000024": "ြေ၆၀ရာခိ",
    "000000025": "မျိုး",
    "000000026": "းမှုအလေ",
    "000000027": "ေတဲ့သူတ",
    "000000028": "းစတဲ့လေ",
    "000000029": "်ပြီးရင",
    "000000030": "န်ကြီ",
    "000000031": "ောက်တာ",
    "000000032": "်ပိုင်းဆ",
    "000000033": "ံလောက်တ",
    "000000034": "်တစ်န",
    "000000035": "းနှံမျ",
    "000000036": "အောင်လုပ်",
    "000000037": "်တော်တ",
    "000000038": "ားပြေ",
    "000000039": "ြသည်။",
    "000000040": "တော်တွင်",
    "000000041": "ွေဘယ်လေ",
    "000000042": "ိုလောင်",
    "000000043": "ုရီကိုထိ",
    "000000044": "ုံးမှ",
    "000000045": "တွင်ပဲစ",
    "000000046": "ြသည်။",
    "000000047": "ီးကရှ",
    "000000048": "ာင့်ရှေ",
    "000000049": "န်လုံး"
  },
  "sizes": {
    "000000000": [
      129,
      32
    ],
    "000000001": [
      112,
      32
    ],
    "000000002": [
      139,
      32
    ],
    "000000003": [
      168,
      32
    ],
    "000000004": [
      135,
      32
    ],
    "000000005": [
      127,
      32
    ],
    "000000006": [
      190,
      32
    ],
    "000000007": [
      180,
      32
    ],
    "000000008": [
      171,
      32
    ],
    "000000009": [
      134,
      32
    ],
    "000000010": [
      153,
      32
    ],
    "000000011": [
      187,
      32
    ],
    "000000012": [
      134,
      32
    ],
    "000000013": [
      154,
      32
    ],
    "000000014": [
      191,
      32
    ],
    "000000015": [
      124,
      32
    ],
    "000000016": [
      141,
      32
    ],
    "000000017": [
      140,
      32
    ],
    "000000018": [
      198,
      32
    ],
    "000000019": [
      68,
      32
    ],
    "000000020": [
      114,
      32
    ],
    "000000021": [
      185,
      32
    ],
    "000000022": [
      152,
      32
    ],
    "000000023": [
      174,
      32
    ],
    "000000024": [
      240,
      32
    ],
    "000000025": [
      133,
      32
    ],
    "000000026": [
      171,
      32
    ],
    "000000027": [
      182,
      32
    ],
    "000000028": [
      162,
      32
    ],
    "000000029": [
      120,
      32
    ],
    "000000030": [
      121,
      32
    ],
    "000000031": [
      149,
      32
    ],
    "000000032": [
      160,
      32
    ],
    "000000033": [
      222,
      32
    ],
    "000000034": [
      112,
      32
    ],
    "000000035": [
      111,
      32
    ],
    "000000036": [
      134,
      32
    ],
    "000000037": [
      150,
      32
    ],
    "000000038": [
      101,
      32
    ],
    "000000039": [
      93,
      32
    ],
    "000000040": [
      147,
      32
    ],
    "000000041": [
      164,
      32
    ],
    "000000042": [
      97,
      32
    ],
    "000000043": [
      158,
      32
    ],
    "000000044": [
      62,
      32
    ],
    "000000045": [
      163,
      32
    ],
    "000000046": [
      94,
      32
    ],
    "000000047": [
      114,
      32
    ],
    "000000048": [
      156,
      32
    ],
    "000000049": [
      128,
      32
    ]
  }
}