{
  "num-samples": 50,
  "labels": {
    "000000000": "ငဉယြေသ္",
    "000000001": "ေ၌ပံဟ",
    "000000002": "ဗ၉လမါဘ",
    "000000003": "ခအငဉဝ၅၊ဈ",
    "000000004": "။နမ၈ဓထှကမ",
    "000000005": "ံဗဉဗဋ်၄ဖ",
    "000000006": "၊ဟာတဗအ",
    "000000007": "ေသဂွ၀",
    "000000008": "၁်၂ဲဥ၍ဗ",
    "000000009": "၉ပဖံ၈ဥ",
    "000000010": "ံဌုကခ",
    "000000011": "ဤ၃၉ယ၈ထဤအ",
    "000000012": "ဲ်မဲဆထ၂၄ေ",
    "000000013": "းဌဒ၊လ၍၁၏၆",
    "000000014": "လဦ၁ေ၇",
    "000000015": "ဖဂ၎ာညွ",
    "000000016": "ဒဈဒါဇည်ဥ",
    "000000017": "့ဒ၉၄ဖပဓ",
    "000000018": "ုခ၆၁သလ၎",
    "000000019": "ြ၃၈ပထအဋဤ",
    "000000020": "ဥမဒမု။",
    "000000021": "၄င၍်ထ၅ဝ၊မ",
    "000000022": "ဆဝိ့ဤ်",
    "000000023": "ဓ၃၊ကရိ၀ဌ",
    "000000024": "တဈဈဖ၇ဒ",
    "000000025": "ဥဈယြဌ၅ကဆ",
    "000000026": "သက၏ငကဏနဒ",
    "000000027": "က၊္္၄့္",
    "000000028": "၂၄ဈ။၏္၆",
    "000000029": "၈ငဟ။ညဋ၎ဆါ",
    "000000030": "ဲဘယယ၀ယ",
    "000000031": "၍၁၎့ယက",
    "000000032": "ဆဇ၄၆၎ဇူ",
    "000000033": "ဝဏဉ့ူဈွ၃",
    "000000034": "ာဝသ၄ည",
    "000000035": "ဲ၆၉ပတ၊၆ဘ၁",
    "000000036": "ထငာီ၉ဧစဥ၎",
    "000000037": "၌ဆရရါပ၇ဖ",
    "000000038": "နဏဈိါဟူ",
    "000000039": "၏ကသညက၈",
    "000000040": "လခ။ှူ။၊",
    "000000041": "ဗှဒငဇ၉အြု",
    "000000042": "ဘ၅းစပ",
    "000000043": "ွဝ၁ဒ၏",
    "000000044": "ခမေ၇ဘ္",
    "000000045": "စဦဧယဓ",
    "000000046": "ြဟဲ၆ိနရမဌ",
    "000000047": "ဦ၎ဉထ။္ဧ",
    "000000048": "ါဦဂဂသူှ္",
    "000000049": "ူဒဖ၃ဲထ"
  },
  "sizes": {
    "000000000": [
      93,
      32
    ],
    "000000001": [
      60,
      32
    ],
    "000000002": [
      94,
      32
    ],
    "000000003": [
      174,
      32
    ],
    "000000004": [
      167,
      32
    ],
    "000000005": [
      89,
      32
    ],
    "000000006": [
      211,
      32
    ],
    "000000007": [
      94,
      32
    ],
    "000000008": [
      71,
      32
    ],
    "000000009": [
      81,
      32
    ],
    "000000010": [
      64,
      32
    ],
    "000000011": [
      121,
      32
    ],
    "000000012": [
      100,
      32
    ],
    "000000013": [
      138,
      32
    ],
    "000000014": [
      74,
      32
    ],
    "000000015": [
      98,
      32
    ],
    "000000016": [
      102,
      32
    ],
    "000000017": [
      134,
      32
    ],
    "000000018": [
      103,
      32
    ],
    "000000019": [
      130,
      32
    ],
    "000000020": [
      88,
      32
    ],
    "000000021": [
      114,
      32
    ],
    "000000022": [
      63,
      32
    ],
    "000000023": [
      100,
      32
    ],
    "000000024": [
      146,
      32
    ],
    "000000025": [
      124,
      32
    ],
    "000000026": [
      154,
      32
    ],
    "000000027": [
      56,
      32
    ],
    "000000028": [
      93,
      32
    ],
    "000000029": [
      130,
      32
    ],
    "000000030": [
      190,
      32
    ],
    "000000031": [
      93,
      32
    ],
    "000000032": [
      90,
      32
    ],
    "000000033": [
      117,
      32
    ],
    "000000034": [
      113,
      32
    ],
    "000000035": [
      134,
      32
    ],
    "000000036": [
      110,
      32
    ],
    "000000037": [
      109,
      32
    ],
    "000000038": [
      88,
      32
    ],
    "000000039": [
      136,
      32
    ],
    "000000040": [
      88,
      32
    ],
    "000000041": [
      113,
      32
    ],
    "000000042": [
      104,
      32
    ],
    "000000043": [
      80,
      32
    ],
    "000000044": [
      105,
      32
    ],
    "000000045": [
      77,
      32
    ],
    "000000046": [
      98,
      32
    ],
    "000000047": [
      88,
      32
    ],
    "000000048": [
      77,
      32
    ],
    "000000049": [
      81,
      32
    ]
  }
}