{
  "num-samples": 50,
  "labels": {
    "000000000": "ုလျှော့ခ",
    "000000001": "်ပြည်ပဈေ",
    "000000002": "ုက်ပျိ",
    "000000003": "ပ်ရေးပျက",
    "000000004": "အခြားသ",
    "000000005": "ရန်ကုန်တိ",
    "000000006": "ဲ့ကောက",
    "000000007": "ဆိုသည်။",
    "000000008": "်ဘူးဆိုသ",
    "000000009": "ပဲထမင",
    "000000010": "်တဲ့အထိအ",
    "000000011": "တယ်။၇စိ",
    "000000012": "ာ်အရှင်စ",
    "000000013": "က်အိပ",
    "000000014": "ျွမ်းစ",
    "000000015": "အို၈၄ဦးက",
    "000000016": "်းဗို",
    "000000017": "့ဆောင်ရွ",
    "000000018": "်းပခြင်း",
    "000000019": "ောင်ကျွ",
    "000000020": "ဝနိုင်ခြေ",
    "000000021": "ိုးဦးခိုက",
    "000000022": "်းအစည်",
    "000000023": "ကြသည်",
    "000000024": "လ်စီယ",
    "000000025": "ည်။မြန်",
    "000000026": "းအားလုံးပ",
    "000000027": "န်ကြီး",
    "000000028": "ွေးမွေ",
    "000000029": "ုတ်ပြ",
    "000000030": "ာဝင်ပါ။တ",
    "000000031": "န်းစတဲ့",
    "000000032": "စရိယဆရ",
    "000000033": "်လျှက",
    "000000034": "ချုပ်ပြ",
    "000000035": "ယ်မယ်ဆိ",
    "000000036": "ုရှိခဲ့",
    "000000037": "ည်ဟုစီး",
    "000000038": "နေတာမဟ",
    "000000039": "မာတဲ့အစေ့",
    "000000040": "သုံးရမ",
    "000000041": "ော်တွင်",
    "000000042": "ုးစုံရ",
    "000000043": "ပဲရော",
    "000000044": "ာမဂုဏ်က",
    "000000045": "းမြေ့ကြပါ",
    "000000046": "မှာ၇၈န",
    "000000047": "ွင်းပြ",
    "000000048": "်းအိမ်အပြ",
    "000000049": "ုက်ပျို"
  },
  "sizes": {
    "000000000": [
      93,
      32
    ],
    "000000001": [
      118,
      32
    ],
    "000000002": [
      94,
      32
    ],
    "000000003": [
      166,
      32
    ],
    "000000004": [
      81,
      32
    ],
    "000000005": [
      136,
      32
    ],
    "000000006": [
      91,
      32
    ],
    "000000007": [
      99,
      32
    ],
    "000000008": [
      121,
      32
    ],
    "000000009": [
      72,
      32
    ],
    "000000010": [
      151,
      32
    ],
    "000000011": [
      141,
      32
    ],
    "000000012": [
      122,
      32
    ],
    "000000013": [
      107,
      32
    ],
    "000000014": [
      79,
      32
    ],
    "000000015": [
      139,
      32
    ],
    "000000016": [
      72,
      32
    ],
    "000000017": [
      132,
      32
    ],
    "000000018": [
      119,
      32
    ],
    "000000019": [
      95,
      32
    ],
    "000000020": [
      125,
      32
    ],
    "000000021": [
      135,
      32
    ],
    "000000022": [
      87,
      32
    ],
    "000000023": [
      109,
      32
    ],
    "000000024": [
      134,
      32
    ],
    "000000025": [
      99,
      32
    ],
    "000000026": [
      150,
      32
    ],
    "000000027": [
      70,
      32
    ],
    "000000028": [
      67,
      32
    ],
    "000000029": [
      96,
      32
    ],
    "000000030": [
      113,
      32
    ],
    "000000031": [
      98,
      32
    ],
    "000000032": [
      106,
      32
    ],
    "000000033": [
      94,
      32
    ],
    "000000034": [
      119,
      32
    ],
    "000000035": [
      116,
      32
    ],
    "000000036": [
      86,
      32
    ],
    "000000037": [
      114,
      32
    ],
    "000000038": [
      86,
      32
    ],
    "000000039": [
      97,
      32
    ],
    "000000040": [
      66,
      32
    ],
    "000000041": [
      155,
      32
    ],
    "000000042": [
      51,
      32
    ],
    "000000043": [
      51,
      32
    ],
    "000000044": [
      108,
      32
    ],
    "000000045": [
      121,
      32
    ],
    "000000046": [
      67,
      32
    ],
    "000000047": [
      89,
      32
    ],
    "000000048": [
      145,
      32
    ],
    "000000049": [
      74,
      32
    ]
  }
}