{
  "num-samples": 50,
  "labels": {
    "000000000": "ရားဝင်အသိ",
    "000000001": "်အာဟာရချိ",
    "000000002": "်နှစ်သက်က",
    "000000003": "ေးပျက်တာက",
    "000000004": "ွင်ချမ်းမ",
    "000000005": "မာ၈ဗီတာမင",
    "000000006": "်အိပ်တဲ့သ",
    "000000007": "နေရာတစ်ဝိ",
    "000000008": "ာ်ကြာမြင့",
    "000000009": "န်ကြီးဌာန",
    "000000010": "ိုက်ပျိုး",
    "000000011": "တ်ဝယ်ယူခြ",
    "000000012": "မ်လောက်ရန",
    "000000013": "ှစ်နှစ်ခြ",
    "000000014": "်တာကြောင့",
    "000000015": "်ဆိုတာမဆု",
    "000000016": "ေးအပ်သည်။",
    "000000017": "သည်ဟုစီးပ",
    "000000018": "်တွင်အခြာ",
    "000000019": "မျိုးသမီး",
    "000000020": "ှင့်ကူးသန",
    "000000021": "ဟုအများပြ",
    "000000022": "ု့ပဲရောင်",
    "000000023": "မြှင့်လာစ",
    "000000024": "တ်မည်စိုး",
    "000000025": "င်းရဲသားမ",
    "000000026": "ဲတော်များ",
    "000000027": "မြန်မာလူမ",
    "000000028": "၇စိတ်ဖိစီ",
    "000000029": "်ငံတွင်စိ",
    "000000030": "းလှန်ရန်န",
    "000000031": "ရေးဝန်ကြီ",
    "000000032": "ားဧည့်ခံက",
    "000000033": "ပ်တဲ့သူတွ",
    "000000034": "ိန်ကြာမြင",
    "000000035": "ုပ်ပါ။လုပ",
    "000000036": "င်းတို့ကြ",
    "000000037": "လေးဘူး။၁၂",
    "000000038": "်ဆီးတက္ကသ",
    "000000039": "န်ချိန်တစ",
    "000000040": "ဲတင်သွင်း",
    "000000041": "န်တိုင်းအ",
    "000000042": "ယ်။ကယ်လ်စ",
    "000000043": "အောင်မြင့",
    "000000044": "ငှက်တို့သ",
    "000000045": "ာ၇၈နာရီလေ",
    "000000046": "တွေ့ရှိရပ",
    "000000047": "ုင်ကြောင်",
    "000000048": "ူတွေကတစ်ည",
    "000000049": "ျွေးနေတာမ"
  },
  "sizes": {
    "000000000": [
      72,
      32
    ],
    "000000001": [
      62,
      32
    ],
    "000000002": [
      71,
      32
    ],
    "000000003": [
      90,
      32
    ],
    "000000004": [
      61,
      32
    ],
    "000000005": [
      109,
      32
    ],
    "000000006": [
      70,
      32
    ],
    "000000007": [
      72,
      32
    ],
    "000000008": [
      50,
      32
    ],
    "000000009": [
      54,
      32
    ],
    "000000010": [
      47,
      32
    ],
    "000000011": [
      85,
      32
    ],
    "000000012": [
      71,
      32
    ],
    "000000013": [
      61,
      32
    ],
    "000000014": [
      69,
      32
    ],
    "000000015": [
      60,
      32
    ],
    "000000016": [
      96,
      32
    ],
    "000000017": [
      63,
      32
    ],
    "000000018": [
      80,
      32
    ],
    "000000019": [
      45,
      32
    ],
    "000000020": [
      65,
      32
    ],
    "000000021": [
      79,
      32
    ],
    "000000022": [
      65,
      32
    ],
    "000000023": [
      63,
      32
    ],
    "000000024": [
      56,
      32
    ],
    "000000025": [
      55,
      32
    ],
    "000000026": [
      78,
      32
    ],
    "000000027": [
      57,
      32
    ],
    "000000028": [
      46,
      32
    ],
    "000000029": [
      73,
      32
    ],
    "000000030": [
      59,
      32
    ],
    "000000031": [
      73,
      32
    ],
    "000000032": [
      72,
      32
    ],
    "000000033": [
      74,
      32
    ],
    "000000034": [
      76,
      32
    ],
    "000000035": [
      67,
      32
    ],
    "000000036": [
      60,
      32
    ],
    "000000037": [
      98,
      32
    ],
    "000000038": [
      87,
      32
    ],
    "000000039": [
      49,
      32
    ],
    "000000040": [
      55,
      32
    ],
    "000000041": [
      60,
      32
    ],
    "000000042": [
      87,
      32
    ],
    "000000043": [
      85,
      32
    ],
    "000000044": [
      57,
      32
    ],
    "000000045": [
      93,
      32
    ],
    "000000046": [
      47,
      32
    ],
    "000000047": [
      69,
      32
    ],
    "000000048": [
      106,
      32
    ],
    "000000049": [
      96,
      32
    ]
  }
}