{
  "num-samples": 50,
  "labels": {
    "000000000": "ာမင်ဒီကို",
    "000000001": "င်းလေ့လာတ",
    "000000002": "ူး။ဆုံးဖြ",
    "000000003": "နဲ့မပြည့်",
    "000000004": "ာတွေကိုလည",
    "000000005": "ဲရှိသည်ဟု",
    "000000006": "စေတာကိုတွ",
    "000000007": "။၃ညနေခင်း",
    "000000008": "တစ်နှစ်လျ",
    "000000009": "ည့်လေ့ကျင",
    "000000010": "ော်ဘုရားက",
    "000000011": "စ်သန်းခွဲ",
    "000000012": "မှာအိပ်ထမ",
    "000000013": "့ကာကွယ်နိ",
    "000000014": "နဒုတိယဝန်",
    "000000015": "တွေ့ရပါတယ",
    "000000016": "်အဝလွန်တာ",
    "000000017": "်လည်းပြည်",
    "000000018": "်လျှက်ဖို",
    "000000019": "ီးပွားရေး",
    "000000020": "ှုရှိတာကိ",
    "000000021": "ကိုကန်ရန်",
    "000000022": "ု့ပဲရောင်",
    "000000023": "ုပ်ပြီးစာ",
    "000000024": "းပွားရေးန",
    "000000025": "ါ်ရှိသက်က",
    "000000026": "ာတစ်မျိုး",
    "000000027": "မှုတန်ချိ",
    "000000028": "းမြှင့်လေ",
    "000000029": "ာရန်ရည်ရွ",
    "000000030": "အိမ်အပြင်",
    "000000031": "်းပခြင်း၊",
    "000000032": "့်ပတ်သက်၍",
    "000000033": "့်ပဲများအ",
    "000000034": "ွင်ဒုတိယဝ",
    "000000035": "်ကပြုလုပ်",
    "000000036": "ာ်အရှင်စန",
    "000000037": "ာင်လုပ်ပါ",
    "000000038": "သည်။လူမှု",
    "000000039": "။ကွန်ပျူတ",
    "000000040": "၇၈နာရီလော",
    "000000041": "တာမဆုံးဖြ",
    "000000042": "ှစ်သက်ကြသ",
    "000000043": "ူတွေဟာဒိန",
    "000000044": "ရောင်းဝယ်",
    "000000045": "ည့်ပဲများ",
    "000000046": "မြန်မာနို",
    "000000047": "ယ်။စွမ်းအ",
    "000000048": "က်တွန်းခြ",
    "000000049": "င့်ပါတယ်။"
  },
  "sizes": {
    "000000000": [
      59,
      32
    ],
    "000000001": [
      88,
      32
    ],
    "000000002": [
      60,
      32
    ],
    "000000003": [
      38,
      32
    ],
    "000000004": [
      93,
      32
    ],
    "000000005": [
      60,
      32
    ],
    "000000006": [
      67,
      32
    ],
    "000000007": [
      61,
      32
    ],
    "000000008": [
      63,
      32
    ],
    "000000009": [
      71,
      32
    ],
    "000000010": [
      74,
      32
    ],
    "000000011": [
      54,
      32
    ],
    "000000012": [
      69,
      32
    ],
    "000000013": [
      91,
      32
    ],
    "000000014": [
      80,
      32
    ],
    "000000015": [
      82,
      32
    ],
    "000000016": [
      96,
      32
    ],
    "000000017": [
      74,
      32
    ],
    "000000018": [
      56,
      32
    ],
    "000000019": [
      59,
      32
    ],
    "000000020": [
      59,
      32
    ],
    "000000021": [
      58,
      32
    ],
    "000000022": [
      51,
      32
    ],
    "000000023": [
      52,
      32
    ],
    "000000024": [
      75,
      32
    ],
    "000000025": [
      82,
      32
    ],
    "000000026": [
      43,
      32
    ],
    "000000027": [
      41,
      32
    ],
    "000000028": [
      55,
      32
    ],
    "000000029": [
      62,
      32
    ],
    "000000030": [
      60,
      32
    ],
    "000000031": [
      41,
      32
    ],
    "000000032": [
      80,
      32
    ],
    "000000033": [
      70,
      32
    ],
    "000000034": [
      72,
      32
    ],
    "000000035": [
      74,
      32
    ],
    "000000036": [
      68,
      32
    ],
    "000000037": [
      65,
      32
    ],
    "000000038": [
      63,
      32
    ],
    "000000039": [
      69,
      32
    ],
    "000000040": [
      84,
      32
    ],
    "000000041": [
      63,
      32
    ],
    "000000042": [
      90,
      32
    ],
    "000000043": [
      76,
      32
    ],
    "000000044": [
      63,
      32
    ],
    "000000045": [
      59,
      32
    ],
    "000000046": [
      37,
      32
    ],
    "000000047": [
      64,
      32
    ],
    "000000048": [
      66,
      32
    ],
    "000000049": [
      69,
      32
    ]
  }
}