{
  "num-samples": 50,
  "labels": {
    "000000000": "ားကြောင်း",
    "000000001": "င်းအိမ်အပ",
    "000000002": "ကဆိုသည်။န",
    "000000003": "ကိုလောင်က",
    "000000004": "မြင့်ခြင်",
    "000000005": "ေးဘူး။ကိလ",
    "000000006": "ွန်းထည့်ပ",
    "000000007": "ယူဆချက်ကိ",
    "000000008": "့မျှဝေပေး",
    "000000009": "ည့်ခံကျွေ",
    "000000010": "းခိုက်လျှ",
    "000000011": "ီးပွားရေး",
    "000000012": "စ်တန်ကိုင",
    "000000013": "ါအဝင်တစ်န",
    "000000014": "့အပြင်ပဲစ",
    "000000015": "်ငံမှပဲတင",
    "000000016": "ို့သည်လူရ",
    "000000017": "ပဲတီစိမ်း",
    "000000018": "ည်စိုးသဖြ",
    "000000019": "ည့်သွင်းပ",
    "000000020": "ုလောင်ကျွ",
    "000000021": "တ်သီး၊ငါး",
    "000000022": "ားကိုဒုတိ",
    "000000023": "ရေးနှင့်က",
    "000000024": "စ်ပါတယ်။ဗ",
    "000000025": "ိတ်ပိုင်း",
    "000000026": "့တင်ပို့န",
    "000000027": "ဝယ်ရေးဝန်",
    "000000028": "အဆီတက်ပြီ",
    "000000029": "်ပေးသွားပ",
    "000000030": "င်းများဧည",
    "000000031": "န်ကြီးကရှ",
    "000000032": "်အခြားသီး",
    "000000033": "န်ချဉ်စား",
    "000000034": "းဆီဖူးလေး",
    "000000035": "န်ကုန်တို",
    "000000036": "ော်တွင်ဒု",
    "000000037": "ှိသည်ဟုဒု",
    "000000038": "နေနဲ့အခွံ",
    "000000039": "နှစ်သက်ကြ",
    "000000040": "ရသည့်အာဟာ",
    "000000041": "ေ့ကျင့်ခန",
    "000000042": "းစားဇွန်း",
    "000000043": "တယ်။ဗီတာမ",
    "000000044": "အိမ်အပြင်",
    "000000045": "ုက်ပူတာလျ",
    "000000046": "ဲ့ဝယ်မယ်ဆ",
    "000000047": "ခြောက်လအတ",
    "000000048": "နှစ်ခြိုက",
    "000000049": "်ညမှာ၅၆နာ"
  },
  "sizes": {
    "000000000": [
      70,
      32
    ],
    "000000001": [
      103,
      32
    ],
    "000000002": [
      74,
      32
    ],
    "000000003": [
      66,
      32
    ],
    "000000004": [
      38,
      32
    ],
    "000000005": [
      72,
      32
    ],
    "000000006": [
      66,
      32
    ],
    "000000007": [
      84,
      32
    ],
    "000000008": [
      85,
      32
    ],
    "000000009": [
      55,
      32
    ],
    "000000010": [
      49,
      32
    ],
    "000000011": [
      57,
      32
    ],
    "000000012": [
      67,
      32
    ],
    "000000013": [
      84,
      32
    ],
    "000000014": [
      64,
      32
    ],
    "000000015": [
      69,
      32
    ],
    "000000016": [
      67,
      32
    ],
    "000000017": [
      68,
      32
    ],
    "000000018": [
      76,
      32
    ],
    "000000019": [
      54,
      32
    ],
    "000000020": [
      78,
      32
    ],
    "000000021": [
      84,
      32
    ],
    "000000022": [
      60,
      32
    ],
    "000000023": [
      62,
      32
    ],
    "000000024": [
      108,
      32
    ],
    "000000025": [
      57,
      32
    ],
    "000000026": [
      47,
      32
    ],
    "000000027": [
      59,
      32
    ],
    "000000028": [
      93,
      32
    ],
    "000000029": [
      69,
      32
    ],
    "000000030": [
      72,
      32
    ],
    "000000031": [
      62,
      32
    ],
    "000000032": [
      74,
      32
    ],
    "000000033": [
      49,
      32
    ],
    "000000034": [
      80,
      32
    ],
    "000000035": [
      55,
      32
    ],
    "000000036": [
      47,
      32
    ],
    "000000037": [
      76,
      32
    ],
    "000000038": [
      65,
      32
    ],
    "000000039": [
      86,
      32
    ],
    "000000040": [
      94,
      32
    ],
    "000000041": [
      45,
      32
    ],
    "000000042": [
      51,
      32
    ],
    "000000043": [
      123,
      32
    ],
    "000000044": [
      68,
      32
    ],
    "000000045": [
      76,
      32
    ],
    "000000046": [
      79,
      32
    ],
    "000000047": [
      73,
      32
    ],
    "000000048": [
      50,
      32
    ],
    "000000049": [
      91,
      32
    ]
  }
}