{
  "num-samples": 50,
  "labels": {
    "000000000": "မ၏ိနအ၊ျ္",
    "000000001": "ျညတ့ဉိဲအဟ",
    "000000002": "ီီဘူ့ဖ",
    "000000003": "၏တျ၀ဇဒ၊ျ",
    "000000004": "လ်။ဋေဂဂ",
    "000000005": "၏ာ္ာနါဋဝ",
    "000000006": "းဇဲိွ၈ဥဂ",
    "000000007": "ီယဥဒထဓ၏၉",
    "000000008": "ဇ၈ဉဓ၃၄၍",
    "000000009": "၀ဦဖကဝဧျ",
    "000000010": "ယသဆးပထု၃တ",
    "000000011": "ဆျဋဏ၄ဂြခ",
    "000000012": "ဤဧထအ၃ရူူတ",
    "000000013": "၉ီ၌ဒဤ၆",
    "000000014": "ခအူ၃ပ",
    "000000015": "ဂ၇ရနဌက",
    "000000016": "ာ။ဘေင၍အဖ",
    "000000017": "ဓင၃မ၊",
    "000000018": "၃၅၉၈၄ဇ၉",
    "000000019": "မွြဝ၉",
    "000000020": "လ၉ေ၂္န",
    "000000021": "၌ရဉဘ္ိ",
    "000000022": "ဈဟဉခဂ",
    "000000023": "ဖဓဏဧ၆ငဗမ",
    "000000024": "၀၆ဘဧဈအ၏",
    "000000025": "ျျ၀ဆဌဒဉ",
    "000000026": "၂ဗဈ၄ဏဘ၃",
    "000000027": "ဦ၁င။ဧထကြ",
    "000000028": "ဉ။၀ဧ၌၆ဖ",
    "000000029": "ယဏရူဲိဤဦြ",
    "000000030": "မထဤသလ",
    "000000031": "ရနဌဖည",
    "000000032": "ခမ၌ံစ၍၈ဘ",
    "000000033": "၁ကခဈ၎၀",
    "000000034": "၊ေဌစဈ",
    "000000035": "ဲ၁မဏ၉ဦိ",
    "000000036": "ရဖဘ၎ယဲ",
    "000000037": "၇၆ဆိဧ့",
    "000000038": "။ပ၌၆ဦ်၍ှ၍",
    "000000039": "ဒြု၁၃ရးမ",
    "000000040": "ရခဟဟဋခဖ၂ံ",
    "000000041": "ဗလသဤီံဇံ",
    "000000042": "ညစဖက၈ဘ",
    "000000043": "ာနျဌ်၎တ",
    "000000044": "ာခ၏ယခ",
    "000000045": "ြ၅ထ။၃",
    "000000046": "ဉ၌ူီဥ်ဧ္",
    "000000047": "၊ဝဟယ၈်",
    "000000048": "ါယဉကြ၎၆",
    "000000049": "ဋအ၏ုြွ"
  },
  "sizes": {
    "000000000": [
      76,
      32
    ],
    "000000001": [
      108,
      32
    ],
    "000000002": [
      50,
      32
    ],
    "000000003": [
      108,
      32
    ],
    "000000004": [
      89,
      32
    ],
    "000000005": [
      94,
      32
    ],
    "000000006": [
      64,
      32
    ],
    "000000007": [
      143,
      32
    ],
    "000000008": [
      104,
      32
    ],
    "000000009": [
      100,
      32
    ],
    "000000010": [
      198,
      32
    ],
    "000000011": [
      119,
      32
    ],
    "000000012": [
      138,
      32
    ],
    "000000013": [
      86,
      32
    ],
    "000000014": [
      85,
      32
    ],
    "000000015": [
      134,
      32
    ],
    "000000016": [
      130,
      32
    ],
    "000000017": [
      82,
      32
    ],
    "000000018": [
      161,
      32
    ],
    "000000019": [
      48,
      32
    ],
    "000000020": [
      116,
      32
    ],
    "000000021": [
      65,
      32
    ],
    "000000022": [
      122,
      32
    ],
    "000000023": [
      173,
      32
    ],
    "000000024": [
      139,
      32
    ],
    "000000025": [
      132,
      32
    ],
    "000000026": [
      175,
      32
    ],
    "000000027": [
      137,
      32
    ],
    "000000028": [
      95,
      32
    ],
    "000000029": [
      122,
      32
    ],
    "000000030": [
      114,
      32
    ],
    "000000031": [
      100,
      32
    ],
    "000000032": [
      111,
      32
    ],
    "000000033": [
      136,
      32
    ],
    "000000034": [
      96,
      32
    ],
    "000000035": [
      98,
      32
    ],
    "000000036": [
      95,
      32
    ],
    "000000037": [
      64,
      32
    ],
    "000000038": [
      108,
      32
    ],
    "000000039": [
      88,
      32
    ],
    "000000040": [
      139,
      32
    ],
    "000000041": [
      102,
      32
    ],
    "000000042": [
      157,
      32
    ],
    "000000043": [
      81,
      32
    ],
    "000000044": [
      130,
      32
    ],
    "000000045": [
      69,
      32
    ],
    "000000046": [
      55,
      32
    ],
    "000000047": [
      113,
      32
    ],
    "000000048": [
      103,
      32
    ],
    "000000049": [
      81,
      32
    ]
  }
}