{
  "num-samples": 50,
  "labels": {
    "000000000": "၁၍ေရ္ဏ",
    "000000001": "ွ၁ဉဲ၉ဗပ",
    "000000002": "။၉ဇတး။",
    "000000003": "၈ခသနဖ္ဒဥဌ",
    "000000004": "့္၄ု၇",
    "000000005": "ကုျါခာယ",
    "000000006": "၇ှဉဲဗသဓဥယ",
    "000000007": "နခဟဦမံီအ",
    "000000008": "ဥခတသး၁့",
    "000000009": "ဟပဧဒ၍ဏ၉ာ",
    "000000010": "ညာဌိ်၀၍၉၁",
    "000000011": "ဗ၀္ယါ",
    "000000012": "မဂ၍ဤခ၆",
    "000000013": "ဌဌညစ၀၌",
    "000000014": "ျာယ၊၂ယယ၇",
    "000000015": "ဥဧဥ၁၂",
    "000000016": "။ျးငစံ",
    "000000017": "ုတဘန၀းဥါ",
    "000000018": "ဒဝ္ဓံစ္ိ၃",
    "000000019": "ဘ၍ဂစဌဂအ",
    "000000020": "ဆဓြေဒ",
    "000000021": "၎၇ဋမန၏ီ၄တ",
    "000000022": "၂ဌွ။ဋဝဘ၈မ",
    "000000023": "ံ၎၇ရညဂဤျ်",
    "000000024": "၄ဤဘ၏ာတ",
    "000000025": "ါဋ၍ဌဉ၆ေ",
    "000000026": "၍ဲအတြ၈ဇ",
    "000000027": "ဖ၉ု့ုဌလ၃ဈ",
    "000000028": "၈ငထဆထ",
    "000000029": "၅ယဏဟီအဗ",
    "000000030": "ညမဏ၇တခ၇ာက",
    "000000031": "မဉေဒ၍၁့၊",
    "000000032": "ရြ္ဧဇ",
    "000000033": "၊ဗန၃ူအူွိ",
    "000000034": "ဈမကရဒှဏဒပ",
    "000000035": "္၇ယံှ",
    "000000036": "ျ၏ဝ၉ဂ",
    "000000037": "ဖဒဆဉဇဈဓဌဏ",
    "000000038": "ဂဟှခဉဏ",
    "000000039": "း။ှစကူ",
    "000000040": "ြဤထ့နဂ၁ိူ",
    "000000041": "့ဗံ၎္ပ၏",
    "000000042": "၉၃ဥင၏၎ဂ္င",
    "000000043": "းမ့ံ်ဇဧ",
    "000000044": "ငဌွိ၌ဦပ",
    "000000045": "၊်၏ေထ္ဏ၁ဓ",
    "000000046": "ထဓ၍ိ၌သဘ",
    "000000047": "ွဋှ၏၈၅",
    "000000048": "တ်ံက၈၁ံ",
    "000000049": "ါျဒဉဝူဦပု"
  },
  "sizes": {
    "000000000": [
      69,
      32
    ],
    "000000001": [
      88,
      32
    ],
    "000000002": [
      105,
      32
    ],
    "000000003": [
      147,
      32
    ],
    "000000004": [
      46,
      32
    ],
    "000000005": [
      81,
      32
    ],
    "000000006": [
      117,
      32
    ],
    "000000007": [
      98,
      32
    ],
    "000000008": [
      130,
      32
    ],
    "000000009": [
      124,
      32
    ],
    "000000010": [
      99,
      32
    ],
    "000000011": [
      58,
      32
    ],
    "000000012": [
      102,
      32
    ],
    "000000013": [
      85,
      32
    ],
    "000000014": [
      150,
      32
    ],
    "000000015": [
      92,
      32
    ],
    "000000016": [
      46,
      32
    ],
    "000000017": [
      99,
      32
    ],
    "000000018": [
      62,
      32
    ],
    "000000019": [
      115,
      32
    ],
    "000000020": [
      68,
      32
    ],
    "000000021": [
      122,
      32
    ],
    "000000022": [
      156,
      32
    ],
    "000000023": [
      104,
      32
    ],
    "000000024": [
      116,
      32
    ],
    "000000025": [
      98,
      32
    ],
    "000000026": [
      94,
      32
    ],
    "000000027": [
      121,
      32
    ],
    "000000028": [
      217,
      32
    ],
    "000000029": [
      114,
      32
    ],
    "000000030": [
      204,
      32
    ],
    "000000031": [
      88,
      32
    ],
    "000000032": [
      50,
      32
    ],
    "000000033": [
      64,
      32
    ],
    "000000034": [
      181,
      32
    ],
    "000000035": [
      47,
      32
    ],
    "000000036": [
      66,
      32
    ],
    "000000037": [
      209,
      32
    ],
    "000000038": [
      118,
      32
    ],
    "000000039": [
      76,
      32
    ],
    "000000040": [
      91,
      32
    ],
    "000000041": [
      74,
      32
    ],
    "000000042": [
      114,
      32
    ],
    "000000043": [
      50,
      32
    ],
    "000000044": [
      70,
      32
    ],
    "000000045": [
      119,
      32
    ],
    "000000046": [
      115,
      32
    ],
    "000000047": [
      75,
      32
    ],
    "000000048": [
      95,
      32
    ],
    "000000049": [
      81,
      32
    ]
  }
}