{
  "num-samples": 50,
  "labels": {
    "000000000": "၁လေ့က",
    "000000001": "ယူပေးဖို့",
    "000000002": "တွေအနေနဲ",
    "000000003": "ုက်ပူတာလ",
    "000000004": "ကြီးကရှင်",
    "000000005": "ျော့ကျစေ",
    "000000006": "။ရည်ထမ",
    "000000007": "ိုက်က",
    "000000008": "အနိုင်ယူ",
    "000000009": "်သင့်ပါတယ",
    "000000010": "ရက်ကပြုလု",
    "000000011": "င်နှုန်း",
    "000000012": "မှာဝမ်",
    "000000013": "ားတဲ့ကောက",
    "000000014": "တိုင်းအ",
    "000000015": "င်ကြော",
    "000000016": "ရီခန့်ပ",
    "000000017": "၌ပဲစားပွဲ",
    "000000018": "ားသုံးမှ",
    "000000019": "င်အခြားသ",
    "000000020": "နေခြည်န",
    "000000021": "ွင်ချမ",
    "000000022": "်နုနုမ",
    "000000023": "ရာဝင်ပ",
    "000000024": "ပ်သည့်ပ",
    "000000025": "်ရနေရင်ဝမ",
    "000000026": "ြီးရွယ်အိ",
    "000000027": "းရလို",
    "000000028": "များကြုံ",
    "000000029": "ောက်ဆုံးခ",
    "000000030": "့်ခန်းစတဲ",
    "000000031": "ခင်းတွင်အ",
    "000000032": "ပဲစား",
    "000000033": "ိုရီကိုထိ",
    "000000034": "ိုက်လျှက",
    "000000035": "နစရိယဆရ",
    "000000036": "့်ခန်းစတဲ",
    "000000037": "သက်ကြသ",
    "000000038": "်။၂ဗို",
    "000000039": "စတာတွေကိ",
    "000000040": "င်းတိ",
    "000000041": "၂။အကြိုက်",
    "000000042": "ုတောင်းမ",
    "000000043": "သုံးသူမျာ",
    "000000044": "ဲ့အခွ",
    "000000045": "ကိုရှ",
    "000000046": "ာ်အရှင်စ",
    "000000047": "မှပဲစားတ",
    "000000048": "်ရည်ရွယ",
    "000000049": "ေစုပြီးဗိ"
  },
  "sizes": {
    "000000000": [
      69,
      32
    ],
    "000000001": [
      132,
      32
    ],
    "000000002": [
      130,
      32
    ],
    "000000003": [
      145,
      32
    ],
    "000000004": [
      130,
      32
    ],
    "000000005": [
      69,
      32
    ],
    "000000006": [
      145,
      32
    ],
    "000000007": [
      84,
      32
    ],
    "000000008": [
      104,
      32
    ],
    "000000009": [
      176,
      32
    ],
    "000000010": [
      98,
      32
    ],
    "000000011": [
      111,
      32
    ],
    "000000012": [
      101,
      32
    ],
    "000000013": [
      136,
      32
    ],
    "000000014": [
      91,
      32
    ],
    "000000015": [
      105,
      32
    ],
    "000000016": [
      116,
      32
    ],
    "000000017": [
      126,
      32
    ],
    "000000018": [
      101,
      32
    ],
    "000000019": [
      146,
      32
    ],
    "000000020": [
      95,
      32
    ],
    "000000021": [
      112,
      32
    ],
    "000000022": [
      37,
      32
    ],
    "000000023": [
      62,
      32
    ],
    "000000024": [
      74,
      32
    ],
    "000000025": [
      130,
      32
    ],
    "000000026": [
      153,
      32
    ],
    "000000027": [
      78,
      32
    ],
    "000000028": [
      138,
      32
    ],
    "000000029": [
      118,
      32
    ],
    "000000030": [
      141,
      32
    ],
    "000000031": [
      185,
      32
    ],
    "000000032": [
      73,
      32
    ],
    "000000033": [
      126,
      32
    ],
    "000000034": [
      136,
      32
    ],
    "000000035": [
      131,
      32
    ],
    "000000036": [
      102,
      32
    ],
    "000000037": [
      128,
      32
    ],
    "000000038": [
      103,
      32
    ],
    "000000039": [
      161,
      32
    ],
    "000000040": [
      78,
      32
    ],
    "000000041": [
      124,
      32
    ],
    "000000042": [
      116,
      32
    ],
    "000000043": [
      99,
      32
    ],
    "000000044": [
      60,
      32
    ],
    "000000045": [
      80,
      32
    ],
    "000000046": [
      107,
      32
    ],
    "000000047": [
      115,
      32
    ],
    "000000048": [
      96,
      32
    ],
    "000000049": [
      179,
      32
    ]
  }
}