{
  "num-samples": 50,
  "labels": {
    "000000000": "ဈသဓစယ",
    "000000001": "ဤ၇၍း၆ဖဝ",
    "000000002": "္ဋသ္ဌ",
    "000000003": "၁့၃ူဉ",
    "000000004": "င၎တုးလ",
    "000000005": "လဧမနး",
    "000000006": "မါမ၈့၏",
    "000000007": "ဌဖ။ဂဋကဗ",
    "000000008": "န္ဆဲဝ",
    "000000009": "်၏၃ဝ၀ဲေ",
    "000000010": "၁ဖညပန",
    "000000011": "ဤဓါဌ၅ဥဈခ",
    "000000012": "ဖာ၃ှဈြ",
    "000000013": "့ှသ်ူနထဉ",
    "000000014": "ဝငြိှ၅",
    "000000015": "၉ထေ၁ေ",
    "000000016": "ဌ၊ညံ၁",
    "000000017": "၅ံ၇ထ၊ခက",
    "000000018": "ဥဥဖျဋ၇်ှ",
    "000000019": "ါဲဆေသဤခ၄ြ",
    "000000020": "ူဘ္ွ၆ိဟ",
    "000000021": "ထ။ျဦီမစ၏ဖ",
    "000000022": "အ၂၌ဧဲထ၊ကတ",
    "000000023": "ိာဉပ္ြ",
    "000000024": "၇ဋဏှမ",
    "000000025": "ဓယဏေီ",
    "000000026": "ဦ၅ါြ၉ိ",
    "000000027": "ဋညဦ၏ာဤ",
    "000000028": "။ေ၈ဒ်ဤ",
    "000000029": "္ဤ၄ဝဝ၎၍",
    "000000030": "၎စု၀ြဓထဏ",
    "000000031": "၃နဂ၃ဘြ",
    "000000032": "ျါ၎လ၄",
    "000000033": "ခဘဥ၎ဒ",
    "000000034": "ာွါဓဥွီဧမ",
    "000000035": "နံဘဒး",
    "000000036": "၏စူဇ၉၆ဏ",
    "000000037": "္၇ာညဌခ၉ခွ",
    "000000038": "၊္ဟဇဋ",
    "000000039": "၆ဖ၆ဖဧး့",
    "000000040": "ဌဘဧဉဝ",
    "000000041": "၀ီဋိခလကတ",
    "000000042": "ဓဗ့ေ၇အီီ",
    "000000043": "ထပး၉ိပဇ္",
    "000000044": "ေစြကဧါဝှ",
    "000000045": "ဦ၅ဒအါဆမခဋ",
    "000000046": "ဲ၏စ၏ြဋ",
    "000000047": "နဏအတ၍ီ",
    "000000048": "ဓ၅ဘဓြခ",
    "000000049": "၆ဘဓီေ၍သ၃၃"
  },
  "sizes": {
    "000000000": [
      127,
      32
    ],
    "000000001": [
      96,
      32
    ],
    "000000002": [
      93,
      32
    ],
    "000000003": [
      65,
      32
    ],
    "000000004": [
      98,
      32
    ],
    "000000005": [
      94,
      32
    ],
    "000000006": [
      64,
      32
    ],
    "000000007": [
      131,
      32
    ],
    "000000008": [
      52,
      32
    ],
    "000000009": [
      74,
      32
    ],
    "000000010": [
      107,
      32
    ],
    "000000011": [
      106,
      32
    ],
    "000000012": [
      65,
      32
    ],
    "000000013": [
      93,
      32
    ],
    "000000014": [
      43,
      32
    ],
    "000000015": [
      102,
      32
    ],
    "000000016": [
      58,
      32
    ],
    "000000017": [
      103,
      32
    ],
    "000000018": [
      71,
      32
    ],
    "000000019": [
      137,
      32
    ],
    "000000020": [
      73,
      32
    ],
    "000000021": [
      104,
      32
    ],
    "000000022": [
      124,
      32
    ],
    "000000023": [
      66,
      32
    ],
    "000000024": [
      87,
      32
    ],
    "000000025": [
      107,
      32
    ],
    "000000026": [
      46,
      32
    ],
    "000000027": [
      91,
      32
    ],
    "000000028": [
      70,
      32
    ],
    "000000029": [
      104,
      32
    ],
    "000000030": [
      102,
      32
    ],
    "000000031": [
      86,
      32
    ],
    "000000032": [
      62,
      32
    ],
    "000000033": [
      110,
      32
    ],
    "000000034": [
      68,
      32
    ],
    "000000035": [
      63,
      32
    ],
    "000000036": [
      96,
      32
    ],
    "000000037": [
      159,
      32
    ],
    "000000038": [
      89,
      32
    ],
    "000000039": [
      75,
      32
    ],
    "000000040": [
      103,
      32
    ],
    "000000041": [
      105,
      32
    ],
    "000000042": [
      72,
      32
    ],
    "000000043": [
      79,
      32
    ],
    "000000044": [
      79,
      32
    ],
    "000000045": [
      132,
      32
    ],
    "000000046": [
      78,
      32
    ],
    "000000047": [
      91,
      32
    ],
    "000000048": [
      84,
      32
    ],
    "000000049": [
      124,
      32
    ]
  }
}