{
  "num-samples": 50,
  "labels": {
    "000000000": "ဲခန့်ပြည",
    "000000001": "ကိုကြိုက်",
    "000000002": "ပ်ရေး",
    "000000003": "ုကိုမည်",
    "000000004": "ဝနိုင",
    "000000005": "္ခတဓာတ်",
    "000000006": "ားအားလုံ",
    "000000007": "်ပုပ်ကိုရ",
    "000000008": "ဆီတွေက",
    "000000009": "သည်အသင်",
    "000000010": "်ဆွဲညို",
    "000000011": "ပွဲတေ",
    "000000012": "လင်းရောင်",
    "000000013": "ားပါ့မယ",
    "000000014": "ညနေခင်း",
    "000000015": "ြောင်းလဲစ",
    "000000016": "်ခါစေတဲ့",
    "000000017": "ပါပွဲတေ",
    "000000018": "ုင်နှုန",
    "000000019": "မည့်ဆ",
    "000000020": "ပေးတာ",
    "000000021": "ု့ဖြစ်တယ်",
    "000000022": "်းပိုမျ",
    "000000023": "ံစာဥပမ",
    "000000024": "ြောင်းလ",
    "000000025": "။စွမ်း",
    "000000026": "သူများ",
    "000000027": "မြဲတမ်း",
    "000000028": "ာ့ချပါ။အန",
    "000000029": "ဝန်ကြီ",
    "000000030": "ြင့်ချိန်",
    "000000031": "။၁၂။အကြို",
    "000000032": "ဆီကို",
    "000000033": "်ဝမ်းဗိုက",
    "000000034": "့်ပြီးသ",
    "000000035": "ံးမှုမြင",
    "000000036": "့နေရသည့်",
    "000000037": "ောစော",
    "000000038": "ပို့န",
    "000000039": "်သည့်ပ",
    "000000040": "ပေးသည်",
    "000000041": "ဈေးကွက်",
    "000000042": "်ပါ။လု",
    "000000043": "ျိုးချိန်",
    "000000044": "င်ပြည်",
    "000000045": "သတ်မှတ",
    "000000046": "ု၈၄ဦးကို",
    "000000047": "လေ့ကျ",
    "000000048": "ပဲတီစိ",
    "000000049": "ုဏ်ကို"
  },
  "sizes": {
    "000000000": [
      147,
      32
    ],
    "000000001": [
      183,
      32
    ],
    "000000002": [
      70,
      32
    ],
    "000000003": [
      171,
      32
    ],
    "000000004": [
      96,
      32
    ],
    "000000005": [
      141,
      32
    ],
    "000000006": [
      157,
      32
    ],
    "000000007": [
      138,
      32
    ],
    "000000008": [
      79,
      32
    ],
    "000000009": [
      140,
      32
    ],
    "000000010": [
      111,
      32
    ],
    "000000011": [
      141,
      32
    ],
    "000000012": [
      203,
      32
    ],
    "000000013": [
      166,
      32
    ],
    "000000014": [
      149,
      32
    ],
    "000000015": [
      214,
      32
    ],
    "000000016": [
      108,
      32
    ],
    "000000017": [
      133,
      32
    ],
    "000000018": [
      97,
      32
    ],
    "000000019": [
      110,
      32
    ],
    "000000020": [
      108,
      32
    ],
    "000000021": [
      212,
      32
    ],
    "000000022": [
      130,
      32
    ],
    "000000023": [
      118,
      32
    ],
    "000000024": [
      119,
      32
    ],
    "000000025": [
      161,
      32
    ],
    "000000026": [
      112,
      32
    ],
    "000000027": [
      128,
      32
    ],
    "000000028": [
      140,
      32
    ],
    "000000029": [
      164,
      32
    ],
    "000000030": [
      170,
      32
    ],
    "000000031": [
      195,
      32
    ],
    "000000032": [
      72,
      32
    ],
    "000000033": [
      186,
      32
    ],
    "000000034": [
      100,
      32
    ],
    "000000035": [
      176,
      32
    ],
    "000000036": [
      139,
      32
    ],
    "000000037": [
      96,
      32
    ],
    "000000038": [
      123,
      32
    ],
    "000000039": [
      146,
      32
    ],
    "000000040": [
      128,
      32
    ],
    "000000041": [
      135,
      32
    ],
    "000000042": [
      129,
      32
    ],
    "000000043": [
      143,
      32
    ],
    "000000044": [
      107,
      32
    ],
    "000000045": [
      117,
      32
    ],
    "000000046": [
      153,
      32
    ],
    "000000047": [
      92,
      32
    ],
    "000000048": [
      144,
      32
    ],
    "000000049": [
      127,
      32
    ]
  }
}