{
  "num-samples": 50,
  "labels": {
    "000000000": "ကမ္မဋ",
    "000000001": "သည်ဟုစီး",
    "000000002": "သေးဘူ",
    "000000003": "ြသည်။",
    "000000004": "်ဖိစီးမှ",
    "000000005": "သည်ဟုစီး",
    "000000006": "နှစ်လ",
    "000000007": "တိုးတက",
    "000000008": "း၊ခါးလှ",
    "000000009": "ယ်။စွ",
    "000000010": "ါ့မယ်ဟုစ",
    "000000011": "ားရှိ",
    "000000012": "ျှဝေပေး",
    "000000013": "င်နှုန်းပ",
    "000000014": "ကောင်ပ",
    "000000015": "နေရာတစ",
    "000000016": "ို့ပဲမ",
    "000000017": "်းကဆိုသည",
    "000000018": "က်သုံးမ",
    "000000019": "်နှစ်ခြ",
    "000000020": "ာအဆီတ",
    "000000021": "ုက်ပျိုး",
    "000000022": "ရပါတယ်",
    "000000023": "ု့ဖြစ်တယ်",
    "000000024": "စီယမ်၁",
    "000000025": "ုနုမှဗ",
    "000000026": "ရှောင်",
    "000000027": "့ကာကွယ်နိ",
    "000000028": "ည်သော",
    "000000029": "ြီးစား",
    "000000030": "်အဆီ၈၁ရာခ",
    "000000031": "်ဟုစီ",
    "000000032": "းဆိုသ",
    "000000033": "ယမ်၁၁၀၀",
    "000000034": "ပေါ်ရှိသက",
    "000000035": "ောင်မှ",
    "000000036": "်လောက်နေပ",
    "000000037": "ွက်ဗိုက်",
    "000000038": "်ကြီး",
    "000000039": "ဆရာတာ်အ",
    "000000040": "ုင်မည့်ဆင",
    "000000041": "ဲစိုက",
    "000000042": "အနက်တစ်န",
    "000000043": "မ်းဗိုက်",
    "000000044": "ာင်းဝယ်ရ",
    "000000045": "ကောင်ပု",
    "000000046": "၀မီလီဂရ",
    "000000047": "ေလို့ဖြစ",
    "000000048": "လည်းပြည်တ",
    "000000049": "့ယုံကြည"
  },
  "sizes": {
    "000000000": [
      88,
      32
    ],
    "000000001": [
      205,
      32
    ],
    "000000002": [
      117,
      32
    ],
    "000000003": [
      151,
      32
    ],
    "000000004": [
      145,
      32
    ],
    "000000005": [
      167,
      32
    ],
    "000000006": [
      93,
      32
    ],
    "000000007": [
      147,
      32
    ],
    "000000008": [
      141,
      32
    ],
    "000000009": [
      98,
      32
    ],
    "000000010": [
      140,
      32
    ],
    "000000011": [
      105,
      32
    ],
    "000000012": [
      123,
      32
    ],
    "000000013": [
      167,
      32
    ],
    "000000014": [
      129,
      32
    ],
    "000000015": [
      114,
      32
    ],
    "000000016": [
      107,
      32
    ],
    "000000017": [
      225,
      32
    ],
    "000000018": [
      151,
      32
    ],
    "000000019": [
      161,
      32
    ],
    "000000020": [
      113,
      32
    ],
    "000000021": [
      175,
      32
    ],
    "000000022": [
      108,
      32
    ],
    "000000023": [
      199,
      32
    ],
    "000000024": [
      162,
      32
    ],
    "000000025": [
      101,
      32
    ],
    "000000026": [
      120,
      32
    ],
    "000000027": [
      206,
      32
    ],
    "000000028": [
      124,
      32
    ],
    "000000029": [
      117,
      32
    ],
    "000000030": [
      205,
      32
    ],
    "000000031": [
      98,
      32
    ],
    "000000032": [
      101,
      32
    ],
    "000000033": [
      182,
      32
    ],
    "000000034": [
      174,
      32
    ],
    "000000035": [
      129,
      32
    ],
    "000000036": [
      210,
      32
    ],
    "000000037": [
      230,
      32
    ],
    "000000038": [
      118,
      32
    ],
    "000000039": [
      144,
      32
    ],
    "000000040": [
      227,
      32
    ],
    "000000041": [
      75,
      32
    ],
    "000000042": [
      204,
      32
    ],
    "000000043": [
      147,
      32
    ],
    "000000044": [
      185,
      32
    ],
    "000000045": [
      97,
      32
    ],
    "000000046": [
      135,
      32
    ],
    "000000047": [
      156,
      32
    ],
    "000000048": [
      163,
      32
    ],
    "000000049": [
      112,
      32
    ]
  }
}