{
  "num-samples": 50,
  "labels": {
    "000000000": "ဗ၄၅မဒ၉ပ၈",
    "000000001": "ူဘ့ီဉဇဉဒဝ",
    "000000002": "၇ဂဦဂယ",
    "000000003": "ာ္ဧိ၂မ၏၂",
    "000000004": "၏ြတးန၇ွဋ",
    "000000005": "ဈညီစဗှ",
    "000000006": "လ၄ယထည",
    "000000007": "၃ဂငဆ၎ဥ့ွ",
    "000000008": "ဧဉအ၆ခြ",
    "000000009": "ဏျဦဧဝငဋ",
    "000000010": "င္ူသ၆ဇဲ၊",
    "000000011": "ထ်ေဋဦ",
    "000000012": "ဋဧ၆၉င၍ဟဈ",
    "000000013": "ူုဋီထ၀္ဓခ",
    "000000014": "၃ိ၀၃မပျဒစ",
    "000000015": "ှအက၍ဓတလပဏ",
    "000000016": "။ွသခိ",
    "000000017": "ဥွရံရဂ",
    "000000018": "ုသဌ၅့ဈါ၌",
    "000000019": "ရဦဋ၍၆၈၌အ",
    "000000020": "ာ္ဤဝ၊ာေှခ",
    "000000021": "၇ပ၇ဟ၂ဌ၂",
    "000000022": "ဆာ၉၏ဌ",
    "000000023": "ြဥခဂ၌",
    "000000024": "်၈။ဒဌဈထ",
    "000000025": "့၎ဲဌတ",
    "000000026": "ဂဥ၎၁၃။",
    "000000027": "၉ဒယဘဥအစါ",
    "000000028": "၍ဋ၁၃ဘ္ဌ",
    "000000029": "ွကဤ၁ာဋ",
    "000000030": "ဲထ၃ဘဝဧသာ",
    "000000031": "ူ၇၇စေ",
    "000000032": "ဒဈး၆ှ",
    "000000033": "ဌဓ၎ဉဆဝ်",
    "000000034": "ဇုခငးဋဧဓလ",
    "000000035": "၌ြ့္ံ",
    "000000036": "၇ာဓ၎ညဌ္ဦ၎",
    "000000037": "၍ဖသ၆ထ",
    "000000038": "ရ၆ညားျ်ဂံ",
    "000000039": "ဓ၉ထီဈရ၏ြ၉",
    "000000040": "ဖ။ဋအါဂ။ဤ",
    "000000041": "၂၈၁ြ၌ပမ",
    "000000042": "သခ္ခ၇",
    "000000043": "ဤ့ါစဉ",
    "000000044": "၌့၏လဏဏ၊",
    "000000045": "ွးဖကဒ၅လ",
    "000000046": "၃ဈိ၅န",
    "000000047": "ဘနဈဌငဖပဖ၆",
    "000000048": "ဦည၅်ူီ၎သ",
    "000000049": "ယဝ၀္ဟ"
  },
  "sizes": {
    "000000000": [
      167,
      32
    ],
    "000000001": [
      99,
      32
    ],
    "000000002": [
      77,
      32
    ],
    "000000003": [
      96,
      32
    ],
    "000000004": [
      102,
      32
    ],
    "000000005": [
      61,
      32
    ],
    "000000006": [
      145,
      32
    ],
    "000000007": [
      127,
      32
    ],
    "000000008": [
      104,
      32
    ],
    "000000009": [
      108,
      32
    ],
    "000000010": [
      70,
      32
    ],
    "000000011": [
      63,
      32
    ],
    "000000012": [
      116,
      32
    ],
    "000000013": [
      90,
      32
    ],
    "000000014": [
      106,
      32
    ],
    "000000015": [
      177,
      32
    ],
    "000000016": [
      48,
      32
    ],
    "000000017": [
      66,
      32
    ],
    "000000018": [
      105,
      32
    ],
    "000000019": [
      119,
      32
    ],
    "000000020": [
      108,
      32
    ],
    "000000021": [
      150,
      32
    ],
    "000000022": [
      83,
      32
    ],
    "000000023": [
      66,
      32
    ],
    "000000024": [
      108,
      32
    ],
    "000000025": [
      65,
      32
    ],
    "000000026": [
      113,
      32
    ],
    "000000027": [
      124,
      32
    ],
    "000000028": [
      103,
      32
    ],
    "000000029": [
      96,
      32
    ],
    "000000030": [
      141,
      32
    ],
    "000000031": [
      86,
      32
    ],
    "000000032": [
      53,
      32
    ],
    "000000033": [
      91,
      32
    ],
    "000000034": [
      177,
      32
    ],
    "000000035": [
      31,
      32
    ],
    "000000036": [
      100,
      32
    ],
    "000000037": [
      98,
      32
    ],
    "000000038": [
      90,
      32
    ],
    "000000039": [
      138,
      32
    ],
    "000000040": [
      125,
      32
    ],
    "000000041": [
      94,
      32
    ],
    "000000042": [
      94,
      32
    ],
    "000000043": [
      71,
      32
    ],
    "000000044": [
      124,
      32
    ],
    "000000045": [
      140,
      32
    ],
    "000000046": [
      60,
      32
    ],
    "000000047": [
      138,
      32
    ],
    "000000048": [
      84,
      32
    ],
    "000000049": [
      105,
      32
    ]
  }
}