{
  "num-samples": 50,
  "labels": {
    "000000000": "သဋ၀ဥရ၃",
    "000000001": "ညဲူဘဦယဈ",
    "000000002": "ဦ၇၏ေရ",
    "000000003": "ံာဘ၏ဏ၂ည",
    "000000004": "စဈအ၅ယဟ",
    "000000005": "၃်၅ဥုနဤဟ",
    "000000006": "၄ဗကါး",
    "000000007": "ာ၂၆ါ်၃ဥ",
    "000000008": "ဆ၏ပဤှဟ",
    "000000009": "လှဘ်ာဋ၇ဒ၍",
    "000000010": "လ၉ံ၌၏ဉ၎",
    "000000011": "၍ဇူ်ှဇဈျ",
    "000000012": "ဋသဌူဧ၏",
    "000000013": "၍အ၅ဈစ၁်း",
    "000000014": "၁ဆထ။၊၄ဟ",
    "000000015": "ိိယဌဗ",
    "000000016": "ဤ၃တ၁ဏ",
    "000000017": "။ဝ၅ဲ။ဟ၍ဖ",
    "000000018": "ွဂ၁ပံပ။င",
    "000000019": "၊ဝ၌ဌ့ိဓ၈",
    "000000020": "၁ီေချ",
    "000000021": "ကျဗ၂ည",
    "000000022": "ူ့ါ့၍၆ြူ",
    "000000023": "းှယ္တ",
    "000000024": "၁ူဤ္ည",
    "000000025": "၃္ဉုှ",
    "000000026": "္ွ၈ဂခ",
    "000000027": "၆သလ၅ူလဤ",
    "000000028": "ဥ၎ဏမမအ",
    "000000029": "လဥံဘျ",
    "000000030": "ပ္ယဓ်၆၈",
    "000000031": "ခဌရ၍ဋ",
    "000000032": "ဋ၇ါဘ၇၄ာ",
    "000000033": "ကနင၅စဌြဈယ",
    "000000034": "ဘနခဌစန",
    "000000035": "ှ၊ာ။ဒ၏",
    "000000036": "ဧယမထအသ၇၉",
    "000000037": "၂ရဒကနဒ္",
    "000000038": "ဲူဂ၉ဉဤဓ",
    "000000039": "၆န၍ဏဤ",
    "000000040": "ယ၀နညိ၈",
    "000000041": "၏ဉဌ၄ံု္",
    "000000042": "ှ၉ဧ့ဧဘဝာ",
    "000000043": "ယ၏့၍ထိ၈",
    "000000044": "၍ွညဟေဇစဖ၅",
    "000000045": "္လ၁ံဟဓ",
    "000000046": "ဘါာ၀ပမလ",
    "000000047": "ီသ်ဘ၉ဋဓ",
    "000000048": "းကပီ၈",
    "000000049": "ီုဗငအဤမာျ"
  },
  "sizes": {
    "000000000": [
      124,
      32
    ],
    "000000001": [
      98,
      32
    ],
    "000000002": [
      73,
      32
    ],
    "000000003": [
      120,
      32
    ],
    "000000004": [
      164,
      32
    ],
    "000000005": [
      99,
      32
    ],
    "000000006": [
      60,
      32
    ],
    "000000007": [
      71,
      32
    ],
    "000000008": [
      105,
      32
    ],
    "000000009": [
      106,
      32
    ],
    "000000010": [
      100,
      32
    ],
    "000000011": [
      68,
      32
    ],
    "000000012": [
      87,
      32
    ],
    "000000013": [
      103,
      32
    ],
    "000000014": [
      152,
      32
    ],
    "000000015": [
      57,
      32
    ],
    "000000016": [
      103,
      32
    ],
    "000000017": [
      100,
      32
    ],
    "000000018": [
      86,
      32
    ],
    "000000019": [
      67,
      32
    ],
    "000000020": [
      41,
      32
    ],
    "000000021": [
      105,
      32
    ],
    "000000022": [
      62,
      32
    ],
    "000000023": [
      77,
      32
    ],
    "000000024": [
      62,
      32
    ],
    "000000025": [
      46,
      32
    ],
    "000000026": [
      75,
      32
    ],
    "000000027": [
      125,
      32
    ],
    "000000028": [
      138,
      32
    ],
    "000000029": [
      70,
      32
    ],
    "000000030": [
      81,
      32
    ],
    "000000031": [
      76,
      32
    ],
    "000000032": [
      86,
      32
    ],
    "000000033": [
      126,
      32
    ],
    "000000034": [
      123,
      32
    ],
    "000000035": [
      68,
      32
    ],
    "000000036": [
      189,
      32
    ],
    "000000037": [
      124,
      32
    ],
    "000000038": [
      84,
      32
    ],
    "000000039": [
      96,
      32
    ],
    "000000040": [
      80,
      32
    ],
    "000000041": [
      55,
      32
    ],
    "000000042": [
      147,
      32
    ],
    "000000043": [
      96,
      32
    ],
    "000000044": [
      124,
      32
    ],
    "000000045": [
      93,
      32
    ],
    "000000046": [
      138,
      32
    ],
    "000000047": [
      98,
      32
    ],
    "000000048": [
      76,
      32
    ],
    "000000049": [
      116,
      32
    ]
  }
}