{
  "num-samples": 50,
  "labels": {
    "000000000": "စ်ညမှ",
    "000000001": "ှိမူကြိ",
    "000000002": "ရက်ကပြ",
    "000000003": "န်းခြင်",
    "000000004": "တွေကတ",
    "000000005": "ည်ထော",
    "000000006": "ိုးစုံ",
    "000000007": "ံးမှုဥပမ",
    "000000008": "။ဝန်မလေ",
    "000000009": "တို့သည်အ",
    "000000010": "တ္တာပ",
    "000000011": "းဆောင်၍",
    "000000012": "ကြပါစေလ",
    "000000013": "ုံးမှ",
    "000000014": "ချဉ်မှကယ်",
    "000000015": "၈၄ဦးကိုမ",
    "000000016": "စ်သန်းခွဲ",
    "000000017": "ူကြိုက",
    "000000018": "န်မလေ",
    "000000019": "း။ဆုံ",
    "000000020": "လူရှင်",
    "000000021": "်းဗိုက်အ",
    "000000022": "းမြေ့က",
    "000000023": "က်ကိုတုန်",
    "000000024": "သည်လူသေကေ",
    "000000025": "ိပ်ထမတင",
    "000000026": "းချိန်တွင",
    "000000027": "ါစေတဲ့",
    "000000028": "်နိုင",
    "000000029": "ရှောက်",
    "000000030": "ူရှင်ကေ",
    "000000031": "ါ။အနာ",
    "000000032": "ြန်တွ",
    "000000033": "ပြီးန",
    "000000034": "ယ်။စွမ်းအ",
    "000000035": "လေးမှ",
    "000000036": "ှဝေပေးခြ",
    "000000037": "။၁၁။ဝန်မလ",
    "000000038": "လျှက်ဖို",
    "000000039": "ေးနေတာမဟု",
    "000000040": "ေးထုတ",
    "000000041": "ကြီးကမိန့",
    "000000042": "်ပါဘူးဟုဒ",
    "000000043": "ကြီးဌ",
    "000000044": "အရာဖြစ်ပ",
    "000000045": "ေသည်။တစ်",
    "000000046": "ည်း၎င်း",
    "000000047": "င်နှုန",
    "000000048": "ထွက်ရှ",
    "000000049": "၊ပဲစိုက"
  },
  "sizes": {
    "000000000": [
      117,
      32
    ],
    "000000001": [
      143,
      32
    ],
    "000000002": [
      183,
      32
    ],
    "000000003": [
      129,
      32
    ],
    "000000004": [
      87,
      32
    ],
    "000000005": [
      86,
      32
    ],
    "000000006": [
      93,
      32
    ],
    "000000007": [
      184,
      32
    ],
    "000000008": [
      130,
      32
    ],
    "000000009": [
      179,
      32
    ],
    "000000010": [
      99,
      32
    ],
    "000000011": [
      195,
      32
    ],
    "000000012": [
      187,
      32
    ],
    "000000013": [
      92,
      32
    ],
    "000000014": [
      252,
      32
    ],
    "000000015": [
      183,
      32
    ],
    "000000016": [
      197,
      32
    ],
    "000000017": [
      118,
      32
    ],
    "000000018": [
      128,
      32
    ],
    "000000019": [
      50,
      32
    ],
    "000000020": [
      97,
      32
    ],
    "000000021": [
      138,
      32
    ],
    "000000022": [
      162,
      32
    ],
    "000000023": [
      132,
      32
    ],
    "000000024": [
      192,
      32
    ],
    "000000025": [
      236,
      32
    ],
    "000000026": [
      223,
      32
    ],
    "000000027": [
      147,
      32
    ],
    "000000028": [
      59,
      32
    ],
    "000000029": [
      126,
      32
    ],
    "000000030": [
      123,
      32
    ],
    "000000031": [
      123,
      32
    ],
    "000000032": [
      106,
      32
    ],
    "000000033": [
      91,
      32
    ],
    "000000034": [
      229,
      32
    ],
    "000000035": [
      58,
      32
    ],
    "000000036": [
      164,
      32
    ],
    "000000037": [
      197,
      32
    ],
    "000000038": [
      159,
      32
    ],
    "000000039": [
      190,
      32
    ],
    "000000040": [
      107,
      32
    ],
    "000000041": [
      210,
      32
    ],
    "000000042": [
      162,
      32
    ],
    "000000043": [
      143,
      32
    ],
    "000000044": [
      204,
      32
    ],
    "000000045": [
      219,
      32
    ],
    "000000046": [
      96,
      32
    ],
    "000000047": [
      130,
      32
    ],
    "000000048": [
      127,
      32
    ],
    "000000049": [
      205,
      32
    ]
  }
}