{
  "num-samples": 50,
  "labels": {
    "000000000": "်အဆီ၈၁ရကန်ရန်",
    "000000001": "စည်းအဝေး၌့်ကူး",
    "000000002": "ိုက်ကါ။နေ့စဉ",
    "000000003": "မလေးဘူး။သုံးမ",
    "000000004": "ှုသုံးမူကြိုကလေ",
    "000000005": "းအတွင်းဝနားပေးသည်",
    "000000006": "့စက်နဲ့င္ဒီကိုရ",
    "000000007": "ံးမှုမိန္ဒိ",
    "000000008": "ရယူပါအစာတွေအ",
    "000000009": "ဗိုက်မှပြီးရင်တရ",
    "000000010": "့်ပဲတီစိုတ်ရန်အခ",
    "000000011": "သီးနှံမျသေကော",
    "000000012": "်ဆွဲညိှစ်သက်ကြ",
    "000000013": "ည်ထောင်ကြီးကရ",
    "000000014": "ါတယ်။စွမိုမတ်ပဲ၊",
    "000000015": "်တဲ့အုစာဥပမာ",
    "000000016": "စိုက်စုကဈေး",
    "000000017": "ရောင်း်နှစ်သ",
    "000000018": "ပ်ဖြတ်ပပြောကြာ",
    "000000019": "းတို့်း၎င်း",
    "000000020": "းမှုကြောငေ့လာတွ",
    "000000021": "ကဈေးကြးယူပေးဖို",
    "000000022": "ဲ့မပြည့်ယ်ရေးဝ",
    "000000023": "နေရင်ဝမ်းးအကိုင်း",
    "000000024": "ံးပျော််ငံမှ",
    "000000025": "အောက်ရှိာသာလျ",
    "000000026": "္ဒီကိုရယန့်ခွန",
    "000000027": "်းတွင်အလင်နေပြီးနေ",
    "000000028": "းဆောင်၍မြမှုတန်ချ",
    "000000029": "ြားသီးနှုရေးသားလိ",
    "000000030": "ရေးပျက်ရွင်ချမ",
    "000000031": "တိုးမးဆိုသ",
    "000000032": "။အနားယူဲစားတာ",
    "000000033": "တွင်းမှ၈၁ရာခိုင",
    "000000034": "တာကို်ဆောင်အိတ",
    "000000035": "ြင်း၊ခုင်ကြောင်",
    "000000036": "့နေရသည့်အးကွက်သ",
    "000000037": "ုပ်ကိာရီလော",
    "000000038": "ိုလည်းစားးစုကဈ",
    "000000039": "ျက်ပြုတိပ်ဖြ",
    "000000040": "ုက်ပူတားမြှင",
    "000000041": "မြှင့်ိပ်ဖြ",
    "000000042": "ာတာ်အရှင်းထို",
    "000000043": "းပွဲတရပါတယ်",
    "000000044": "န်းလျေန်မာလူမျိ",
    "000000045": "ားပွဲတော်ဘုရားလ",
    "000000046": "ာင်စုဝန်ကြောင့်အဝ",
    "000000047": "ာလျော့ကေကိုချေဖ",
    "000000048": "ုးအကိြန်မာ",
    "000000049": "်လောက်ရနပြသည်။"
  },
  "sizes": {
    "000000000": [
      167,
      32
    ],
    "000000001": [
      152,
      32
    ],
    "000000002": [
      143,
      32
    ],
    "000000003": [
      152,
      32
    ],
    "000000004": [
      162,
      32
    ],
    "000000005": [
      226,
      32
    ],
    "000000006": [
      114,
      32
    ],
    "000000007": [
      92,
      32
    ],
    "000000008": [
      165,
      32
    ],
    "000000009": [
      140,
      32
    ],
    "000000010": [
      141,
      32
    ],
    "000000011": [
      128,
      32
    ],
    "000000012": [
      167,
      32
    ],
    "000000013": [
      143,
      32
    ],
    "000000014": [
      140,
      32
    ],
    "000000015": [
      131,
      32
    ],
    "000000016": [
      128,
      32
    ],
    "000000017": [
      102,
      32
    ],
    "000000018": [
      133,
      32
    ],
    "000000019": [
      87,
      32
    ],
    "000000020": [
      153,
      32
    ],
    "000000021": [
      163,
      32
    ],
    "000000022": [
      137,
      32
    ],
    "000000023": [
      154,
      32
    ],
    "000000024": [
      104,
      32
    ],
    "000000025": [
      160,
      32
    ],
    "000000026": [
      102,
      32
    ],
    "000000027": [
      179,
      32
    ],
    "000000028": [
      192,
      32
    ],
    "000000029": [
      171,
      32
    ],
    "000000030": [
      142,
      32
    ],
    "000000031": [
      99,
      32
    ],
    "000000032": [
      252,
      32
    ],
    "000000033": [
      145,
      32
    ],
    "000000034": [
      142,
      32
    ],
    "000000035": [
      132,
      32
    ],
    "000000036": [
      168,
      32
    ],
    "000000037": [
      137,
      32
    ],
    "000000038": [
      152,
      32
    ],
    "000000039": [
      96,
      32
    ],
    "000000040": [
      107,
      32
    ],
    "000000041": [
      108,
      32
    ],
    "000000042": [
      119,
      32
    ],
    "000000043": [
      130,
      32
    ],
    "000000044": [
      135,
      32
    ],
    "000000045": [
      160,
      32
    ],
    "000000046": [
      152,
      32
    ],
    "000000047": [
      174,
      32
    ],
    "000000048": [
      106,
      32
    ],
    "000000049": [
      166,
      32
    ]
  }
}