{
  "num-samples": 50,
  "labels": {
    "000000000": "ဌဗဌ၍၍စရဂ်",
    "000000001": "ဗဘနီညဌည၉",
    "000000002": "ရာ၊ဇဂးူဘ",
    "000000003": "ွ၏ဝံအသ",
    "000000004": "ြ၀ျဖ၎ဆ",
    "000000005": "ီ့ဗ၀၆",
    "000000006": "၈္၌ြသ",
    "000000007": "၁ဈအွ၌ဝ",
    "000000008": "ူဂယဋဓ",
    "000000009": "ထ့ဖျသဖဲဟ",
    "000000010": "တးဓဲ၁၊္",
    "000000011": "္္ဦူနဧ၌ရ",
    "000000012": "ကဇဈ၄၈ဝ",
    "000000013": "ဌ၍၃ထခဇထ",
    "000000014": "ပေ်ဝီ",
    "000000015": "ဂ။ဌခ၉ေဌဉ",
    "000000016": "ထ၍ုဗယြ၁",
    "000000017": "ဇဥ၅ဲဘဋွွ၄",
    "000000018": "္၁၇၌ခ၎ဦဌ",
    "000000019": "ညိကဒ၊ရတ၁လ",
    "000000020": "ံေ၉၂တ၈က၎",
    "000000021": "၌ေံဘ၅ဏှဖ",
    "000000022": "ဌု့၍စ၈၍",
    "000000023": "ဓဓ၇ဧခဦလ",
    "000000024": "ူ၃နကဤ",
    "000000025": "တ၀အဋြဓဂ",
    "000000026": "ဏဈဥဤဇ၎ိ",
    "000000027": "ဇဆမဉပရဗ",
    "000000028": "းဝဈဈန၎က",
    "000000029": "ဥ၂ျ၏ေ",
    "000000030": "မညဈီင၁ခ",
    "000000031": "ဝဤန၃္",
    "000000032": "၆်ဇယ၆",
    "000000033": "တဋဒ၇္ဒျ",
    "000000034": "၊ဈပဈ့ဤ၌း၏",
    "000000035": "လဈဉ၄ှခူ",
    "000000036": "ဇ၆စ၄ဉတဘ၍",
    "000000037": "၈ဟဆဏ၅၅ယ၏လ",
    "000000038": "ျရဦပါဖံဖ",
    "000000039": "ထ၎၈ှင၍အဘ",
    "000000040": "၇့ေဖဤ",
    "000000041": "၇။ဏ၁ိ",
    "000000042": "္ဋ်ိဖညဆဤ",
    "000000043": "စထ္ွ၏မ၄",
    "000000044": "ဈ၉ဝ၌ွး",
    "000000045": "ကညံ၏ဂ",
    "000000046": "စဥ၊ဈင၏၂",
    "000000047": "တျဖစွဇံ",
    "000000048": "ဖဌဂဖဓ့၈ဘ",
    "000000049": "ကဇဗ၉ဗး"
  },
  "sizes": {
    "000000000": [
      122,
      32
    ],
    "000000001": [
      118,
      32
    ],
    "000000002": [
      133,
      32
    ],
    "000000003": [
      101,
      32
    ],
    "000000004": [
      73,
      32
    ],
    "000000005": [
      59,
      32
    ],
    "000000006": [
      59,
      32
    ],
    "000000007": [
      87,
      32
    ],
    "000000008": [
      99,
      32
    ],
    "000000009": [
      110,
      32
    ],
    "000000010": [
      69,
      32
    ],
    "000000011": [
      75,
      32
    ],
    "000000012": [
      131,
      32
    ],
    "000000013": [
      114,
      32
    ],
    "000000014": [
      63,
      32
    ],
    "000000015": [
      155,
      32
    ],
    "000000016": [
      102,
      32
    ],
    "000000017": [
      102,
      32
    ],
    "000000018": [
      108,
      32
    ],
    "000000019": [
      132,
      32
    ],
    "000000020": [
      129,
      32
    ],
    "000000021": [
      101,
      32
    ],
    "000000022": [
      89,
      32
    ],
    "000000023": [
      108,
      32
    ],
    "000000024": [
      84,
      32
    ],
    "000000025": [
      98,
      32
    ],
    "000000026": [
      120,
      32
    ],
    "000000027": [
      158,
      32
    ],
    "000000028": [
      157,
      32
    ],
    "000000029": [
      75,
      32
    ],
    "000000030": [
      94,
      32
    ],
    "000000031": [
      68,
      32
    ],
    "000000032": [
      96,
      32
    ],
    "000000033": [
      107,
      32
    ],
    "000000034": [
      135,
      32
    ],
    "000000035": [
      118,
      32
    ],
    "000000036": [
      128,
      32
    ],
    "000000037": [
      147,
      32
    ],
    "000000038": [
      92,
      32
    ],
    "000000039": [
      126,
      32
    ],
    "000000040": [
      72,
      32
    ],
    "000000041": [
      60,
      32
    ],
    "000000042": [
      119,
      32
    ],
    "000000043": [
      92,
      32
    ],
    "000000044": [
      69,
      32
    ],
    "000000045": [
      87,
      32
    ],
    "000000046": [
      101,
      32
    ],
    "000000047": [
      77,
      32
    ],
    "000000048": [
      151,
      32
    ],
    "000000049": [
      125,
      32
    ]
  }
}