{
  "num-samples": 50,
  "labels": {
    "000000000": "င်အသိ",
    "000000001": "၅ရှလကာ",
    "000000002": "ြည်ကြ",
    "000000003": "ကြုံတွ",
    "000000004": "၊ခါးလ",
    "000000005": "ဈေးကွက်သ",
    "000000006": "ြစ်စေနို",
    "000000007": "ါတယ်။၆",
    "000000008": "င်းစားဇ",
    "000000009": "များပြ",
    "000000010": "်တာကြေ",
    "000000011": "းအစားတ",
    "000000012": "င်နှုန်",
    "000000013": "ထွက်ရှ",
    "000000014": "ဟင်းမျ",
    "000000015": "သင်္ခတဓာတ",
    "000000016": "ုကလေး",
    "000000017": "ယ်ယူခြင်း",
    "000000018": "ုင်ငံ",
    "000000019": "က်ကိုက",
    "000000020": "င်းပြေ",
    "000000021": "ပြောသည်။လ",
    "000000022": "်။နေပြည",
    "000000023": "်သက်ကြသည်",
    "000000024": "ာဝင်ပါ။တစ",
    "000000025": "ိုင်ယူပါ",
    "000000026": "ဆွဲညို",
    "000000027": "့အုပ်စ",
    "000000028": "ခိုးဦးခ",
    "000000029": "ှုရှိတာ",
    "000000030": "မာဏတို",
    "000000031": "ပေးသွာ",
    "000000032": "မယ်ဟုစီး",
    "000000033": "တို့ဆေ",
    "000000034": "ချက်ပြု",
    "000000035": "်တရား",
    "000000036": "ထမင်းစာ",
    "000000037": "ုလည်း၎င်း",
    "000000038": "ံးချိန",
    "000000039": "ော်စတင",
    "000000040": "သည်။နေပြ",
    "000000041": "းနဲ့ဗိုက်",
    "000000042": "ိန်တွင်စီ",
    "000000043": "းစားပေးရမ",
    "000000044": "ူတွေအတွက်",
    "000000045": "သိပေးထ",
    "000000046": "ံးပြုတာ",
    "000000047": "ွယ်အို",
    "000000048": "်ကမ္မဋ္ဌာ",
    "000000049": "ထည့်သွင်း"
  },
  "sizes": {
    "000000000": [
      109,
      32
    ],
    "000000001": [
      75,
      32
    ],
    "000000002": [
      117,
      32
    ],
    "000000003": [
      106,
      32
    ],
    "000000004": [
      89,
      32
    ],
    "000000005": [
      171,
      32
    ],
    "000000006": [
      141,
      32
    ],
    "000000007": [
      131,
      32
    ],
    "000000008": [
      117,
      32
    ],
    "000000009": [
      87,
      32
    ],
    "000000010": [
      124,
      32
    ],
    "000000011": [
      92,
      32
    ],
    "000000012": [
      96,
      32
    ],
    "000000013": [
      99,
      32
    ],
    "000000014": [
      94,
      32
    ],
    "000000015": [
      170,
      32
    ],
    "000000016": [
      61,
      32
    ],
    "000000017": [
      98,
      32
    ],
    "000000018": [
      75,
      32
    ],
    "000000019": [
      105,
      32
    ],
    "000000020": [
      107,
      32
    ],
    "000000021": [
      141,
      32
    ],
    "000000022": [
      83,
      32
    ],
    "000000023": [
      199,
      32
    ],
    "000000024": [
      175,
      32
    ],
    "000000025": [
      152,
      32
    ],
    "000000026": [
      114,
      32
    ],
    "000000027": [
      63,
      32
    ],
    "000000028": [
      125,
      32
    ],
    "000000029": [
      96,
      32
    ],
    "000000030": [
      95,
      32
    ],
    "000000031": [
      63,
      32
    ],
    "000000032": [
      133,
      32
    ],
    "000000033": [
      92,
      32
    ],
    "000000034": [
      99,
      32
    ],
    "000000035": [
      66,
      32
    ],
    "000000036": [
      110,
      32
    ],
    "000000037": [
      149,
      32
    ],
    "000000038": [
      104,
      32
    ],
    "000000039": [
      98,
      32
    ],
    "000000040": [
      130,
      32
    ],
    "000000041": [
      123,
      32
    ],
    "000000042": [
      132,
      32
    ],
    "000000043": [
      103,
      32
    ],
    "000000044": [
      173,
      32
    ],
    "000000045": [
      111,
      32
    ],
    "000000046": [
      127,
      32
    ],
    "000000047": [
      90,
      32
    ],
    "000000048": [
      91,
      32
    ],
    "000000049": [
      138,
      32
    ]
  }
}