{
  "num-samples": 50,
  "labels": {
    "000000000": "းရေးမြို့",
    "000000001": "ပါ။၈ဗီတာမ",
    "000000002": "ဒိန်ချဉ်မ",
    "000000003": "ီလီဂရမ်လေ",
    "000000004": "ောင်စုဝန်",
    "000000005": "အိပ်မောကျ",
    "000000006": "ဖိစီးမှုက",
    "000000007": "်ရန်ဝန်မလ",
    "000000008": "။နေ့စဉ်နံ",
    "000000009": "ရွယ်သည်ဟု",
    "000000010": "ာင်ထူးကပြ",
    "000000011": "ုက်နှစ်သက",
    "000000012": "တွင်ပြုလု",
    "000000013": "ောင်းလေ့လ",
    "000000014": "ဟုအများပြ",
    "000000015": "ံချွတ်မထာ",
    "000000016": "များကြောင",
    "000000017": "ားကျင်းပခ",
    "000000018": "ျှင်တန်ချ",
    "000000019": "ေး၌ပြည်ထေ",
    "000000020": "ဦးကိုမတ်ပ",
    "000000021": "့သပေးပါတယ",
    "000000022": "ျက်ပေးနို",
    "000000023": "်ခန်းလုပ်",
    "000000024": "ငွေဘယ်လော",
    "000000025": "်။တစ်တန်က",
    "000000026": "ုရင်နှစ်န",
    "000000027": "န်ကြီးကရှ",
    "000000028": "ငါးစတာတွေ",
    "000000029": "ေးပျက်တာက",
    "000000030": "အောင်လုပ်",
    "000000031": "တာကထိုင်ထ",
    "000000032": "တင်းထိုးက",
    "000000033": "်အို၈၄ဦးက",
    "000000034": "ကြီးကမိန့",
    "000000035": "သက်ကြသည်။",
    "000000036": "်။တခြားအစ",
    "000000037": "တွင်အခြား",
    "000000038": "ဉ်စားပါ။န",
    "000000039": "်းရောင်းဝ",
    "000000040": "ူတာကိုညဥ့",
    "000000041": "ှာအဆီတက်ပ",
    "000000042": "းယူပေးဖို",
    "000000043": "တာမဟုတ်ပါ",
    "000000044": "ိသည့်ပဲမျ",
    "000000045": "မဟုတ်ပါဘူ",
    "000000046": "ျိန်ကြာမြ",
    "000000047": "်ကြီးရွယ်",
    "000000048": "်နှစ်နှစ်",
    "000000049": "အထနည်းနေခ"
  },
  "sizes": {
    "000000000": [
      62,
      32
    ],
    "000000001": [
      103,
      32
    ],
    "000000002": [
      56,
      32
    ],
    "000000003": [
      92,
      32
    ],
    "000000004": [
      47,
      32
    ],
    "000000005": [
      75,
      32
    ],
    "000000006": [
      61,
      32
    ],
    "000000007": [
      82,
      32
    ],
    "000000008": [
      62,
      32
    ],
    "000000009": [
      88,
      32
    ],
    "000000010": [
      91,
      32
    ],
    "000000011": [
      72,
      32
    ],
    "000000012": [
      58,
      32
    ],
    "000000013": [
      96,
      32
    ],
    "000000014": [
      80,
      32
    ],
    "000000015": [
      59,
      32
    ],
    "000000016": [
      64,
      32
    ],
    "000000017": [
      72,
      32
    ],
    "000000018": [
      50,
      32
    ],
    "000000019": [
      91,
      32
    ],
    "000000020": [
      67,
      32
    ],
    "000000021": [
      120,
      32
    ],
    "000000022": [
      70,
      32
    ],
    "000000023": [
      70,
      32
    ],
    "000000024": [
      89,
      32
    ],
    "000000025": [
      91,
      32
    ],
    "000000026": [
      56,
      32
    ],
    "000000027": [
      69,
      32
    ],
    "000000028": [
      80,
      32
    ],
    "000000029": [
      99,
      32
    ],
    "000000030": [
      81,
      32
    ],
    "000000031": [
      106,
      32
    ],
    "000000032": [
      79,
      32
    ],
    "000000033": [
      88,
      32
    ],
    "000000034": [
      65,
      32
    ],
    "000000035": [
      104,
      32
    ],
    "000000036": [
      98,
      32
    ],
    "000000037": [
      69,
      32
    ],
    "000000038": [
      75,
      32
    ],
    "000000039": [
      72,
      32
    ],
    "000000040": [
      73,
      32
    ],
    "000000041": [
      112,
      32
    ],
    "000000042": [
      67,
      32
    ],
    "000000043": [
      78,
      32
    ],
    "000000044": [
      67,
      32
    ],
    "000000045": [
      72,
      32
    ],
    "000000046": [
      73,
      32
    ],
    "000000047": [
      73,
      32
    ],
    "000000048": [
      50,
      32
    ],
    "000000049": [
      83,
      32
    ]
  }
}