{
  "num-samples": 50,
  "labels": {
    "000000000": "်ပါ။နှ",
    "000000001": "း။ကိလေသာက",
    "000000002": "။၂ဗိုက်",
    "000000003": "နေပါတယ်။၂",
    "000000004": "နေပါတယ",
    "000000005": "င်းပဲစာ",
    "000000006": "မ္ဘာအေးဘ",
    "000000007": "တင်နက်ဆီ",
    "000000008": "ကျင့်ခန",
    "000000009": "ုံးချိန်",
    "000000010": "်ဟုစီးပွ",
    "000000011": "်မှာအဆ",
    "000000012": "စိတ်ဖိစ",
    "000000013": "ှင့်သက်",
    "000000014": "ေးပျက်တာ",
    "000000015": "ောင်းရလ",
    "000000016": "ါ့မယ်ဟု",
    "000000017": "တင်ပိ",
    "000000018": "။၈ဗီတာမင",
    "000000019": "းကရှင်",
    "000000020": "ရေးဝန",
    "000000021": "မာဏတိုးမြ",
    "000000022": "ထိုင်ထလေ",
    "000000023": "နေခြင်း",
    "000000024": "ျှင်ဆေးလိ",
    "000000025": "ခွဲခန့်ပ",
    "000000026": "းနှင့်",
    "000000027": "းမြှင့်လေ",
    "000000028": "ာ်များကျင",
    "000000029": "ျိုးပဲမ",
    "000000030": "ကိုတုန်ခါ",
    "000000031": "င်နှစ်နှစ",
    "000000032": "်ခန်း",
    "000000033": "ု့လို",
    "000000034": "ပြီးစားန",
    "000000035": "ြိုက်နှစ",
    "000000036": "ဆန်၊ထောပတ",
    "000000037": "ကျင့်",
    "000000038": "်သွင်း",
    "000000039": "်းစားဇွန်",
    "000000040": "့်မြန",
    "000000041": "ကြည်ကြပ",
    "000000042": "မ်းအတ",
    "000000043": "ရန်ကုန်",
    "000000044": "ူးသန်းရေ",
    "000000045": "နိုင်ကြေ",
    "000000046": "ုဒုတိယဝ",
    "000000047": "ွက်ဗိုက်",
    "000000048": "ာက်ရှိမူက",
    "000000049": "်။၆ဒိန်ခ"
  },
  "sizes": {
    "000000000": [
      94,
      32
    ],
    "000000001": [
      226,
      32
    ],
    "000000002": [
      145,
      32
    ],
    "000000003": [
      225,
      32
    ],
    "000000004": [
      187,
      32
    ],
    "000000005": [
      130,
      32
    ],
    "000000006": [
      156,
      32
    ],
    "000000007": [
      225,
      32
    ],
    "000000008": [
      172,
      32
    ],
    "000000009": [
      103,
      32
    ],
    "000000010": [
      218,
      32
    ],
    "000000011": [
      115,
      32
    ],
    "000000012": [
      133,
      32
    ],
    "000000013": [
      137,
      32
    ],
    "000000014": [
      168,
      32
    ],
    "000000015": [
      200,
      32
    ],
    "000000016": [
      157,
      32
    ],
    "000000017": [
      174,
      32
    ],
    "000000018": [
      216,
      32
    ],
    "000000019": [
      100,
      32
    ],
    "000000020": [
      114,
      32
    ],
    "000000021": [
      180,
      32
    ],
    "000000022": [
      159,
      32
    ],
    "000000023": [
      114,
      32
    ],
    "000000024": [
      180,
      32
    ],
    "000000025": [
      123,
      32
    ],
    "000000026": [
      101,
      32
    ],
    "000000027": [
      166,
      32
    ],
    "000000028": [
      266,
      32
    ],
    "000000029": [
      158,
      32
    ],
    "000000030": [
      147,
      32
    ],
    "000000031": [
      246,
      32
    ],
    "000000032": [
      91,
      32
    ],
    "000000033": [
      105,
      32
    ],
    "000000034": [
      197,
      32
    ],
    "000000035": [
      194,
      32
    ],
    "000000036": [
      197,
      32
    ],
    "000000037": [
      80,
      32
    ],
    "000000038": [
      168,
      32
    ],
    "000000039": [
      219,
      32
    ],
    "000000040": [
      141,
      32
    ],
    "000000041": [
      152,
      32
    ],
    "000000042": [
      128,
      32
    ],
    "000000043": [
      158,
      32
    ],
    "000000044": [
      167,
      32
    ],
    "000000045": [
      161,
      32
    ],
    "000000046": [
      169,
      32
    ],
    "000000047": [
      180,
      32
    ],
    "000000048": [
      199,
      32
    ],
    "000000049": [
      173,
      32
    ]
  }
}