{
  "num-samples": 50,
  "labels": {
    "000000000": "်ဝန်မလေ",
    "000000001": "်၊ထောပတ်သ",
    "000000002": "့်မယ်။",
    "000000003": "ာ်အိန္ဒ",
    "000000004": "ားသုံး",
    "000000005": "သူတော်ကမ္",
    "000000006": "ုကြောင",
    "000000007": "တ်ပါဘူ",
    "000000008": "ပွားရ",
    "000000009": "င်းချမှု",
    "000000010": "လိုပါတယ်",
    "000000011": "ယ်အိုစော",
    "000000012": "းသုံးရန်",
    "000000013": "့အခွံချွ",
    "000000014": "်ခန်းလုပ",
    "000000015": "ည်တို့ဆေ",
    "000000016": "ရှင်းပြ",
    "000000017": "င့်ခန",
    "000000018": "့ကြောင",
    "000000019": "ကရှင်းပြသ",
    "000000020": "ြှင့်",
    "000000021": "ဲခန့်ပ",
    "000000022": "ညစ်နေသူ",
    "000000023": "ည်။ပုထ",
    "000000024": "ားပွဲတေ",
    "000000025": "ပြင်ပြည်",
    "000000026": "တက်လာ",
    "000000027": "ို့ပဲမျို",
    "000000028": "်ခန်းစတ",
    "000000029": "ါတယ်။၃",
    "000000030": "င်း၊ဈေ",
    "000000031": "သည်။သူ",
    "000000032": "ပျူတာကို",
    "000000033": "းခြင်းဟာလ",
    "000000034": "ရည်ထမင်းစ",
    "000000035": "ှေချစ်သူမ",
    "000000036": "မှဗီတ",
    "000000037": "်သောက်",
    "000000038": "ခုရှိအမျ",
    "000000039": "တွင်းစာ",
    "000000040": "်းလဲရန",
    "000000041": "ရွယ်အိ",
    "000000042": "းအတွက",
    "000000043": "ုကြိုက်",
    "000000044": "်းစား",
    "000000045": "မင်ဒီ",
    "000000046": "ုအသုံးပြု",
    "000000047": "ုတုန်",
    "000000048": "ဆိုသည်။",
    "000000049": "်အိပ်မောက"
  },
  "sizes": {
    "000000000": [
      148,
      32
    ],
    "000000001": [
      196,
      32
    ],
    "000000002": [
      137,
      32
    ],
    "000000003": [
      145,
      32
    ],
    "000000004": [
      124,
      32
    ],
    "000000005": [
      216,
      32
    ],
    "000000006": [
      125,
      32
    ],
    "000000007": [
      152,
      32
    ],
    "000000008": [
      80,
      32
    ],
    "000000009": [
      169,
      32
    ],
    "000000010": [
      114,
      32
    ],
    "000000011": [
      117,
      32
    ],
    "000000012": [
      202,
      32
    ],
    "000000013": [
      169,
      32
    ],
    "000000014": [
      149,
      32
    ],
    "000000015": [
      220,
      32
    ],
    "000000016": [
      192,
      32
    ],
    "000000017": [
      91,
      32
    ],
    "000000018": [
      114,
      32
    ],
    "000000019": [
      195,
      32
    ],
    "000000020": [
      89,
      32
    ],
    "000000021": [
      151,
      32
    ],
    "000000022": [
      158,
      32
    ],
    "000000023": [
      155,
      32
    ],
    "000000024": [
      212,
      32
    ],
    "000000025": [
      232,
      32
    ],
    "000000026": [
      163,
      32
    ],
    "000000027": [
      192,
      32
    ],
    "000000028": [
      146,
      32
    ],
    "000000029": [
      104,
      32
    ],
    "000000030": [
      170,
      32
    ],
    "000000031": [
      160,
      32
    ],
    "000000032": [
      210,
      32
    ],
    "000000033": [
      245,
      32
    ],
    "000000034": [
      166,
      32
    ],
    "000000035": [
      186,
      32
    ],
    "000000036": [
      103,
      32
    ],
    "000000037": [
      156,
      32
    ],
    "000000038": [
      198,
      32
    ],
    "000000039": [
      131,
      32
    ],
    "000000040": [
      95,
      32
    ],
    "000000041": [
      113,
      32
    ],
    "000000042": [
      87,
      32
    ],
    "000000043": [
      156,
      32
    ],
    "000000044": [
      114,
      32
    ],
    "000000045": [
      93,
      32
    ],
    "000000046": [
      235,
      32
    ],
    "000000047": [
      90,
      32
    ],
    "000000048": [
      158,
      32
    ],
    "000000049": [
      162,
      32
    ]
  }
}