{
  "num-samples": 50,
  "labels": {
    "000000000": "ူးဆို",
    "000000001": "ပမာဏတိုးမ",
    "000000002": "ပဲ၊ပဲစင",
    "000000003": "ပတင်ပို",
    "000000004": "င်ယူပါ။",
    "000000005": "္ဒိမာ၈ဗီ",
    "000000006": "ခန်းတွ",
    "000000007": "တ်ညစ်နေ",
    "000000008": "ေးကြီးခ",
    "000000009": "လျော့ကျစေ",
    "000000010": "်းချမှုပ",
    "000000011": "်တရားဝင်",
    "000000012": "်လုပ်န",
    "000000013": "၃ညနေခင်",
    "000000014": "၁၁။ဝန်မလ",
    "000000015": "ိုးကျွေ",
    "000000016": "ုပ်နိုင်",
    "000000017": "်နှုန်းလ",
    "000000018": "ကိုဖြစ်စ",
    "000000019": "ရာခံစားမှ",
    "000000020": "ုစီးပ",
    "000000021": "နိုင်ငံတ",
    "000000022": "ွေ့ရပ",
    "000000023": "ခြောက်လအတ",
    "000000024": "ခန်းတွ",
    "000000025": "တွေအနေနဲ",
    "000000026": "နိုင်ယူပါ",
    "000000027": "င်အလင်း",
    "000000028": "န်းခွဲ",
    "000000029": "စီယမ်၁၁",
    "000000030": "လေးဘူး။",
    "000000031": "စ်သန်းခွ",
    "000000032": "းတို့ကြေ",
    "000000033": "ြောသည်။လူ",
    "000000034": "ဟုစီးပွာ",
    "000000035": "က်ရနေ",
    "000000036": "်္ခတဓာတ",
    "000000037": "ပါစေလို",
    "000000038": "း၊ဈေး",
    "000000039": "ပြီးစားနေ",
    "000000040": "ွေ့ရပ",
    "000000041": "ိုင်းအိ",
    "000000042": "ကပဲစားပွ",
    "000000043": "်နဲ့ဝယ်",
    "000000044": "ရွှေချ",
    "000000045": "့ပဲရော",
    "000000046": "ြင့်ပဲမရေ",
    "000000047": "ုနဲ့မပြ",
    "000000048": "မြင့်ကဆို",
    "000000049": "ရသေးဘ"
  },
  "sizes": {
    "000000000": [
      87,
      32
    ],
    "000000001": [
      176,
      32
    ],
    "000000002": [
      142,
      32
    ],
    "000000003": [
      145,
      32
    ],
    "000000004": [
      157,
      32
    ],
    "000000005": [
      145,
      32
    ],
    "000000006": [
      135,
      32
    ],
    "000000007": [
      132,
      32
    ],
    "000000008": [
      140,
      32
    ],
    "000000009": [
      162,
      32
    ],
    "000000010": [
      131,
      32
    ],
    "000000011": [
      194,
      32
    ],
    "000000012": [
      80,
      32
    ],
    "000000013": [
      154,
      32
    ],
    "000000014": [
      148,
      32
    ],
    "000000015": [
      133,
      32
    ],
    "000000016": [
      187,
      32
    ],
    "000000017": [
      176,
      32
    ],
    "000000018": [
      154,
      32
    ],
    "000000019": [
      123,
      32
    ],
    "000000020": [
      107,
      32
    ],
    "000000021": [
      150,
      32
    ],
    "000000022": [
      81,
      32
    ],
    "000000023": [
      262,
      32
    ],
    "000000024": [
      102,
      32
    ],
    "000000025": [
      130,
      32
    ],
    "000000026": [
      172,
      32
    ],
    "000000027": [
      173,
      32
    ],
    "000000028": [
      86,
      32
    ],
    "000000029": [
      182,
      32
    ],
    "000000030": [
      132,
      32
    ],
    "000000031": [
      151,
      32
    ],
    "000000032": [
      146,
      32
    ],
    "000000033": [
      259,
      32
    ],
    "000000034": [
      129,
      32
    ],
    "000000035": [
      145,
      32
    ],
    "000000036": [
      182,
      32
    ],
    "000000037": [
      172,
      32
    ],
    "000000038": [
      67,
      32
    ],
    "000000039": [
      204,
      32
    ],
    "000000040": [
      95,
      32
    ],
    "000000041": [
      152,
      32
    ],
    "000000042": [
      188,
      32
    ],
    "000000043": [
      131,
      32
    ],
    "000000044": [
      87,
      32
    ],
    "000000045": [
      115,
      32
    ],
    "000000046": [
      257,
      32
    ],
    "000000047": [
      175,
      32
    ],
    "000000048": [
      197,
      32
    ],
    "000000049": [
      92,
      32
    ]
  }
}