{
  "num-samples": 50,
  "labels": {
    "000000000": "ည့်ပြည်တွ",
    "000000001": "ိုးကျွေးန",
    "000000002": "ျပါလိမ့်မ",
    "000000003": "ဆောင်အိတ်",
    "000000004": "်။၃ညနေခင်",
    "000000005": "ည်တွင်းသိ",
    "000000006": "းပေါ်ရှိသ",
    "000000007": "ိတ်များပေ",
    "000000008": "စ်သန်းခွဲ",
    "000000009": "လာတွေ့ရှိ",
    "000000010": "်ပါတယ်။၇စ",
    "000000011": "ပါနော်အိန",
    "000000012": "မြှင့်လာစ",
    "000000013": "ုတန်ချိန်",
    "000000014": "န်းခွဲခန့",
    "000000015": "ကြပါစေလို",
    "000000016": "တယ်။ကယ်လ်",
    "000000017": "တစ်ခုရှိအ",
    "000000018": "ကျင့်ခန်း",
    "000000019": "ပွဲတော်မှ",
    "000000020": "တွေ့ရှိရပ",
    "000000021": "မှုအလေ့အထ",
    "000000022": "ှောက်ရေးဂ",
    "000000023": "ောင်ပုပ်က",
    "000000024": "ုဒုတိယဝန်",
    "000000025": "ိပ်ထမတင်လ",
    "000000026": "ိုးရကပဲစာ",
    "000000027": "ိုတွန်းလှ",
    "000000028": "နှင့်ကူးသ",
    "000000029": "ရွယ်အို၈၄",
    "000000030": "ဲ့သူတွေဟာ",
    "000000031": "်းဝန်ဦးတိ",
    "000000032": "းနှင့်ပတ်",
    "000000033": "းစားသုံးရ",
    "000000034": "ဝင်ပါ။တစ်",
    "000000035": "အခွံချွတ်",
    "000000036": "ေးများနှင",
    "000000037": "ရောင်းချမ",
    "000000038": "်သောက်ပါ။",
    "000000039": "ံးရန်တွန်",
    "000000040": "ှစ်လျှင်တ",
    "000000041": "့အုပ်စုတစ",
    "000000042": "၁၅မိနစ်လေ",
    "000000043": "ောက်ပါ။ရည",
    "000000044": "ရယူပါ။နေ့",
    "000000045": "က်တိုင်းအ",
    "000000046": "်ဆင်းရဲသာ",
    "000000047": "ါတယ်။၆ဒိန",
    "000000048": "ျပါ။အနားယ",
    "000000049": "င်ပါတယ်။၉"
  },
  "sizes": {
    "000000000": [
      76,
      32
    ],
    "000000001": [
      56,
      32
    ],
    "000000002": [
      52,
      32
    ],
    "000000003": [
      100,
      32
    ],
    "000000004": [
      74,
      32
    ],
    "000000005": [
      63,
      32
    ],
    "000000006": [
      59,
      32
    ],
    "000000007": [
      67,
      32
    ],
    "000000008": [
      56,
      32
    ],
    "000000009": [
      63,
      32
    ],
    "000000010": [
      89,
      32
    ],
    "000000011": [
      62,
      32
    ],
    "000000012": [
      60,
      32
    ],
    "000000013": [
      54,
      32
    ],
    "000000014": [
      48,
      32
    ],
    "000000015": [
      74,
      32
    ],
    "000000016": [
      125,
      32
    ],
    "000000017": [
      65,
      32
    ],
    "000000018": [
      39,
      32
    ],
    "000000019": [
      52,
      32
    ],
    "000000020": [
      50,
      32
    ],
    "000000021": [
      117,
      32
    ],
    "000000022": [
      75,
      32
    ],
    "000000023": [
      65,
      32
    ],
    "000000024": [
      81,
      32
    ],
    "000000025": [
      141,
      32
    ],
    "000000026": [
      65,
      32
    ],
    "000000027": [
      58,
      32
    ],
    "000000028": [
      59,
      32
    ],
    "000000029": [
      92,
      32
    ],
    "000000030": [
      97,
      32
    ],
    "000000031": [
      71,
      32
    ],
    "000000032": [
      46,
      32
    ],
    "000000033": [
      66,
      32
    ],
    "000000034": [
      84,
      32
    ],
    "000000035": [
      57,
      32
    ],
    "000000036": [
      85,
      32
    ],
    "000000037": [
      64,
      32
    ],
    "000000038": [
      113,
      32
    ],
    "000000039": [
      57,
      32
    ],
    "000000040": [
      66,
      32
    ],
    "000000041": [
      69,
      32
    ],
    "000000042": [
      86,
      32
    ],
    "000000043": [
      89,
      32
    ],
    "000000044": [
      70,
      32
    ],
    "000000045": [
      63,
      32
    ],
    "000000046": [
      80,
      32
    ],
    "000000047": [
      87,
      32
    ],
    "000000048": [
      71,
      32
    ],
    "000000049": [
      68,
      32
    ]
  }
}