{
  "num-samples": 50,
  "labels": {
    "000000000": "ခြင်း၊ချက",
    "000000001": "လိုပါတယ်။",
    "000000002": "ှိနှိုင်း",
    "000000003": "ကူးသန်းရေ",
    "000000004": "ပြည်ထောင်",
    "000000005": "အတွင်းမှာ",
    "000000006": "ု၅ရှလကာရည",
    "000000007": "ုတုန်ခါအေ",
    "000000008": "်ကုန်တိုင",
    "000000009": "ုပ်ကိုရှာ",
    "000000010": "ရာခိုင်နှ",
    "000000011": "န်ကြီးကရှ",
    "000000012": "ဝဆီအခွံမာ",
    "000000013": "်ယူပါ။ဗီတ",
    "000000014": "သူမှဆုတော",
    "000000015": "ီမလုံလောက",
    "000000016": "ောင်အိတ်မ",
    "000000017": "သည်ဟုစီးပ",
    "000000018": "ါ။ရည်ထမင်",
    "000000019": "းပြီးအပြန",
    "000000020": "မျိုးပဲမိ",
    "000000021": "အခြားသီးန",
    "000000022": "းကရှင်းပြ",
    "000000023": "ဝမ်းဗိုက်",
    "000000024": "ဆေးလိပ်ဖြ",
    "000000025": "ော်စတင်ကျ",
    "000000026": "နှံစာဥပမာ",
    "000000027": "ော်တွင်ပြ",
    "000000028": "ပါတယ်။ကယ်",
    "000000029": "်စုဝန်ကြီ",
    "000000030": "င်းပခြင်း",
    "000000031": "ုံကြည်ကြပ",
    "000000032": "ိုကြိုက်န",
    "000000033": "ေပါတယ်။၂ဗ",
    "000000034": "ေ့ကျင့်ခန",
    "000000035": "း၎င်းကဆို",
    "000000036": "်တန်ကိုငွ",
    "000000037": "ကြုံတွေ့န",
    "000000038": "ုသည်။နေပြ",
    "000000039": "ည်တော်တွင",
    "000000040": "ုက်လျှက်ဖ",
    "000000041": "မီလီဂရမ်လ",
    "000000042": "သို့ကာကွယ",
    "000000043": "ါ။၈ဗီတာမင",
    "000000044": "ရချို့တဲ့",
    "000000045": "့်ကူးသန်း",
    "000000046": "ပ်သည့်ပြည",
    "000000047": "ဲညိုနဲ့မပ",
    "000000048": "၀ရာခိုင်န",
    "000000049": "မလေးဘူး။၁"
  },
  "sizes": {
    "000000000": [
      56,
      32
    ],
    "000000001": [
      69,
      32
    ],
    "000000002": [
      44,
      32
    ],
    "000000003": [
      69,
      32
    ],
    "000000004": [
      80,
      32
    ],
    "000000005": [
      62,
      32
    ],
    "000000006": [
      120,
      32
    ],
    "000000007": [
      71,
      32
    ],
    "000000008": [
      63,
      32
    ],
    "000000009": [
      62,
      32
    ],
    "000000010": [
      48,
      32
    ],
    "000000011": [
      81,
      32
    ],
    "000000012": [
      70,
      32
    ],
    "000000013": [
      64,
      32
    ],
    "000000014": [
      116,
      32
    ],
    "000000015": [
      84,
      32
    ],
    "000000016": [
      104,
      32
    ],
    "000000017": [
      90,
      32
    ],
    "000000018": [
      86,
      32
    ],
    "000000019": [
      74,
      32
    ],
    "000000020": [
      40,
      32
    ],
    "000000021": [
      93,
      32
    ],
    "000000022": [
      65,
      32
    ],
    "000000023": [
      48,
      32
    ],
    "000000024": [
      100,
      32
    ],
    "000000025": [
      60,
      32
    ],
    "000000026": [
      73,
      32
    ],
    "000000027": [
      72,
      32
    ],
    "000000028": [
      130,
      32
    ],
    "000000029": [
      87,
      32
    ],
    "000000030": [
      66,
      32
    ],
    "000000031": [
      71,
      32
    ],
    "000000032": [
      53,
      32
    ],
    "000000033": [
      89,
      32
    ],
    "000000034": [
      60,
      32
    ],
    "000000035": [
      53,
      32
    ],
    "000000036": [
      61,
      32
    ],
    "000000037": [
      55,
      32
    ],
    "000000038": [
      93,
      32
    ],
    "000000039": [
      78,
      32
    ],
    "000000040": [
      77,
      32
    ],
    "000000041": [
      80,
      32
    ],
    "000000042": [
      71,
      32
    ],
    "000000043": [
      132,
      32
    ],
    "000000044": [
      49,
      32
    ],
    "000000045": [
      71,
      32
    ],
    "000000046": [
      75,
      32
    ],
    "000000047": [
      55,
      32
    ],
    "000000048": [
      56,
      32
    ],
    "000000049": [
      93,
      32
    ]
  }
}