{
  "num-samples": 50,
  "labels": {
    "000000000": "ဌဖူကာညှ",
    "000000001": "ာညည၅ဟမ",
    "000000002": "့စီ၊ဲိယဗ",
    "000000003": "မ၎ဂြွ၍ာင",
    "000000004": "၌ရဤခေအဓ၀",
    "000000005": "ိ၍ေဆ၉၁ဟျေ",
    "000000006": "ာိ့တဓဂ၃",
    "000000007": "ိဗ၉ဤ၀ရလး၌",
    "000000008": "အ။ူ၄ဇ၂ဤအ",
    "000000009": "ရခဈ၆။နြ၆ါ",
    "000000010": "စပဇဇုုဉု",
    "000000011": "ငိ၎ီယ၌",
    "000000012": "ဒစဧဦဤပ",
    "000000013": "န၈မ၄၅းဖဘ",
    "000000014": "၈ဉရဉ္က၅ငိ",
    "000000015": "ိွူသူခယာ၍",
    "000000016": "့္၏ထဌဧဖးဈ",
    "000000017": "ဲဇန၉။ံန",
    "000000018": "ရစဲစဒလ",
    "000000019": "ူအကယသ၎",
    "000000020": "ဒဏယိမ၁အ",
    "000000021": "ှ၎ဉထါ",
    "000000022": "ံစခဝျ၅",
    "000000023": "ဉ၏၎ွခေှ၎",
    "000000024": "၎အွဖဤပ",
    "000000025": "ဓျေစူ",
    "000000026": "ာ။၆ိရဖဓရ",
    "000000027": "၊လစဈဟ၀ဗာဏ",
    "000000028": "ဉခဉဆဥအ၉့",
    "000000029": "ရ၁္ဈဂ",
    "000000030": "င့ဌဟ၃",
    "000000031": "ျီဌဒဋ၇",
    "000000032": "ဲဒ္ဤး",
    "000000033": "၉ဤဆ၄ေ",
    "000000034": "ဓပလဌါ",
    "000000035": "ဌ၇ါ၆ဇဇမဉ",
    "000000036": "၏ရဒျျသ",
    "000000037": "ဒဘဓ၆ိဋွဲ",
    "000000038": "ဟ။ဓ၇ဝိ၄",
    "000000039": "၍ဒဦြ၊",
    "000000040": "န၎ဧြ၆ဈ။ျ၅",
    "000000041": "်ဂိံဌဲ",
    "000000042": "္ဆ၂ဤ၇မဧဥံ",
    "000000043": "၍ဇ၌၈ပ၎",
    "000000044": "းး၌၅ေ။ဌဏ",
    "000000045": "ငဈွငဆ၉၇",
    "000000046": "ါ၎၎ဈဥျံအ",
    "000000047": "ါ၏မးသဦ",
    "000000048": "ပ၅သဋဆ၉၊",
    "000000049": "ည၏္၄ဌဌဟဧဉ"
  },
  "sizes": {
    "000000000": [
      118,
      32
    ],
    "000000001": [
      149,
      32
    ],
    "000000002": [
      72,
      32
    ],
    "000000003": [
      85,
      32
    ],
    "000000004": [
      130,
      32
    ],
    "000000005": [
      126,
      32
    ],
    "000000006": [
      75,
      32
    ],
    "000000007": [
      139,
      32
    ],
    "000000008": [
      123,
      32
    ],
    "000000009": [
      104,
      32
    ],
    "000000010": [
      105,
      32
    ],
    "000000011": [
      66,
      32
    ],
    "000000012": [
      96,
      32
    ],
    "000000013": [
      153,
      32
    ],
    "000000014": [
      106,
      32
    ],
    "000000015": [
      100,
      32
    ],
    "000000016": [
      113,
      32
    ],
    "000000017": [
      78,
      32
    ],
    "000000018": [
      85,
      32
    ],
    "000000019": [
      167,
      32
    ],
    "000000020": [
      156,
      32
    ],
    "000000021": [
      69,
      32
    ],
    "000000022": [
      77,
      32
    ],
    "000000023": [
      86,
      32
    ],
    "000000024": [
      93,
      32
    ],
    "000000025": [
      62,
      32
    ],
    "000000026": [
      99,
      32
    ],
    "000000027": [
      206,
      32
    ],
    "000000028": [
      160,
      32
    ],
    "000000029": [
      77,
      32
    ],
    "000000030": [
      92,
      32
    ],
    "000000031": [
      64,
      32
    ],
    "000000032": [
      57,
      32
    ],
    "000000033": [
      95,
      32
    ],
    "000000034": [
      59,
      32
    ],
    "000000035": [
      111,
      32
    ],
    "000000036": [
      80,
      32
    ],
    "000000037": [
      72,
      32
    ],
    "000000038": [
      89,
      32
    ],
    "000000039": [
      64,
      32
    ],
    "000000040": [
      106,
      32
    ],
    "000000041": [
      40,
      32
    ],
    "000000042": [
      124,
      32
    ],
    "000000043": [
      82,
      32
    ],
    "000000044": [
      105,
      32
    ],
    "000000045": [
      124,
      32
    ],
    "000000046": [
      92,
      32
    ],
    "000000047": [
      94,
      32
    ],
    "000000048": [
      143,
      32
    ],
    "000000049": [
      144,
      32
    ]
  }
}