{
  "num-samples": 50,
  "labels": {
    "000000000": "တ၍ွါ၃",
    "000000001": "ာဥဌ၆ယ",
    "000000002": "္ှဟမ၎ဆှဧ၌",
    "000000003": "ဆမမစး",
    "000000004": "စဉဈ့ပနီဏ",
    "000000005": "ုပံဈ၆ဘှတ",
    "000000006": "ဉမှ၊ုပ",
    "000000007": "ကဆ။ဈဖဌဇဇ",
    "000000008": "ံဏွခဤ၌၄း",
    "000000009": "ဤြေဝဋ",
    "000000010": "ပဤဒ၇၁ှ၃",
    "000000011": "၆သလမဟ",
    "000000012": "ငဌးဂဂဟတှ",
    "000000013": "ကဲ၍ငဘာစ၉ခ",
    "000000014": "ဦ၉ခရ၈ဝ",
    "000000015": "မခ၅ဌ၃၆့းလ",
    "000000016": "ဧယဌ၆အတဗ၇၅",
    "000000017": "ြဗအ၉ဥုမဌ",
    "000000018": "ဦထ၅ဘ၉ည၀",
    "000000019": "၆့၉ေဥပ၌",
    "000000020": "ပေဇဘျ",
    "000000021": "ာ၌ဦဇမံမ",
    "000000022": "င၃၏၍ွ၍၉ဏခ",
    "000000023": "ခထဒုျ",
    "000000024": "၅ဌ၅်ဒဤရဧ",
    "000000025": "ဥဦဇ၈ွးဝ",
    "000000026": "၇ပဆဆ၇သဖ္ဗ",
    "000000027": "စ၈ဏညိ၎ှ၏",
    "000000028": "၀ဘဉာ၁ဈ၉ည",
    "000000029": "ညီ၄၃၊",
    "000000030": "ဈသဓါထဂ",
    "000000031": "ညုဘန၁သဗ၌",
    "000000032": "ီ။၈၀၆ဏာီ",
    "000000033": "ထ။တဂံဲး",
    "000000034": "္၄ဟ၀ာငဧဓဏ",
    "000000035": "ဧ၃ဉဌု",
    "000000036": "၍၁ြ၅ဓ",
    "000000037": "းဘတ။ဦဤ၌င",
    "000000038": "၉ျံသထ၌န",
    "000000039": "ဇ၀၅ဝဤင၂",
    "000000040": "ဟ၎က၀ဟဋ်ဇဤ",
    "000000041": "ဥပ။ဘေှ၌အ၊",
    "000000042": "ဒ၆အ၀ဦ၅ြဧ",
    "000000043": "၃ီဦွဋဝ",
    "000000044": "္ဲယွြ်ညရ",
    "000000045": "ဝဌ၀ုိဏှှ",
    "000000046": "ီက၇ှရဉ",
    "000000047": "ရ၈၆ဂနနထ၉န",
    "000000048": "ညနာဂထ၉ဘ၉၈",
    "000000049": "၊၆လာသ"
  },
  "sizes": {
    "000000000": [
      58,
      32
    ],
    "000000001": [
      74,
      32
    ],
    "000000002": [
      103,
      32
    ],
    "000000003": [
      170,
      32
    ],
    "000000004": [
      87,
      32
    ],
    "000000005": [
      88,
      32
    ],
    "000000006": [
      61,
      32
    ],
    "000000007": [
      155,
      32
    ],
    "000000008": [
      104,
      32
    ],
    "000000009": [
      69,
      32
    ],
    "000000010": [
      86,
      32
    ],
    "000000011": [
      145,
      32
    ],
    "000000012": [
      142,
      32
    ],
    "000000013": [
      109,
      32
    ],
    "000000014": [
      75,
      32
    ],
    "000000015": [
      102,
      32
    ],
    "000000016": [
      134,
      32
    ],
    "000000017": [
      87,
      32
    ],
    "000000018": [
      123,
      32
    ],
    "000000019": [
      75,
      32
    ],
    "000000020": [
      94,
      32
    ],
    "000000021": [
      75,
      32
    ],
    "000000022": [
      132,
      32
    ],
    "000000023": [
      71,
      32
    ],
    "000000024": [
      102,
      32
    ],
    "000000025": [
      73,
      32
    ],
    "000000026": [
      189,
      32
    ],
    "000000027": [
      105,
      32
    ],
    "000000028": [
      186,
      32
    ],
    "000000029": [
      49,
      32
    ],
    "000000030": [
      92,
      32
    ],
    "000000031": [
      119,
      32
    ],
    "000000032": [
      128,
      32
    ],
    "000000033": [
      107,
      32
    ],
    "000000034": [
      182,
      32
    ],
    "000000035": [
      72,
      32
    ],
    "000000036": [
      56,
      32
    ],
    "000000037": [
      118,
      32
    ],
    "000000038": [
      86,
      32
    ],
    "000000039": [
      100,
      32
    ],
    "000000040": [
      138,
      32
    ],
    "000000041": [
      112,
      32
    ],
    "000000042": [
      101,
      32
    ],
    "000000043": [
      50,
      32
    ],
    "000000044": [
      75,
      32
    ],
    "000000045": [
      61,
      32
    ],
    "000000046": [
      82,
      32
    ],
    "000000047": [
      118,
      32
    ],
    "000000048": [
      188,
      32
    ],
    "000000049": [
      96,
      32
    ]
  }
}