{
  "num-samples": 50,
  "labels": {
    "000000000": "ပြီးနှစ်လ",
    "000000001": "ဗီတာမင်ဒီ",
    "000000002": "ဤစာဖတ်သူမ",
    "000000003": "န်တစ်သန်း",
    "000000004": "းကိုကန်ရန",
    "000000005": "ိုကန်ရန်ဝ",
    "000000006": "းရကပဲစားပ",
    "000000007": "င်ပုပ်ကို",
    "000000008": "်။ကမ္ဘာအေ",
    "000000009": "ယဝန်ကြီးက",
    "000000010": "ွင်ပြုလုပ",
    "000000011": "ပ်စုတစ်ခု",
    "000000012": "တင်ကျင်းပ",
    "000000013": "ွေဘယ်လောက",
    "000000014": "်ဆောင်အိတ",
    "000000015": "ီးကရှင်းပ",
    "000000016": "ားသုံးမှု",
    "000000017": "့လေ့ကျင့်",
    "000000018": "စားပါ။နေ့",
    "000000019": "ပေါ်ရှိသက",
    "000000020": "မဂုဏ်ကိုက",
    "000000021": "သို့တင်ပိ",
    "000000022": "ိုတွေ့ရပါ",
    "000000023": "ဝင်ပါ။တစ်",
    "000000024": "တော်တွင်ပ",
    "000000025": "ရာတော်ဘုရ",
    "000000026": "န်း၊ခါးလှ",
    "000000027": "ရေးနှင့်က",
    "000000028": "ိုးအောင်မ",
    "000000029": "ုတိယဝန်ကြ",
    "000000030": "ည်။ထို့အပ",
    "000000031": "ုသည်။ပြည်",
    "000000032": "ခါစေတဲ့စက",
    "000000033": "်အာဟာရချိ",
    "000000034": "ရီလောက်အိ",
    "000000035": "့်ပြီးသော",
    "000000036": "ပသို့ပဲမျ",
    "000000037": "န့်ပြည်ပဈ",
    "000000038": "ဒုတိယဝန်က",
    "000000039": "ုတိယဝန်ကြ",
    "000000040": "နကဦးဆောင်",
    "000000041": "းဝန်ကြီးဌ",
    "000000042": "သည့်ပဲမျာ",
    "000000043": "ားဝင်အသိပ",
    "000000044": "။၂ဗိုက်ကိ",
    "000000045": "ဆိုရင်နှစ",
    "000000046": "ဖြစ်တယ်လိ",
    "000000047": "ိုက်ပူနေလ",
    "000000048": "ုဇဉ်တို့သ",
    "000000049": "ှပဲစားတာမ"
  },
  "sizes": {
    "000000000": [
      61,
      32
    ],
    "000000001": [
      106,
      32
    ],
    "000000002": [
      90,
      32
    ],
    "000000003": [
      69,
      32
    ],
    "000000004": [
      68,
      32
    ],
    "000000005": [
      69,
      32
    ],
    "000000006": [
      77,
      32
    ],
    "000000007": [
      51,
      32
    ],
    "000000008": [
      97,
      32
    ],
    "000000009": [
      94,
      32
    ],
    "000000010": [
      66,
      32
    ],
    "000000011": [
      66,
      32
    ],
    "000000012": [
      71,
      32
    ],
    "000000013": [
      119,
      32
    ],
    "000000014": [
      94,
      32
    ],
    "000000015": [
      72,
      32
    ],
    "000000016": [
      54,
      32
    ],
    "000000017": [
      73,
      32
    ],
    "000000018": [
      56,
      32
    ],
    "000000019": [
      63,
      32
    ],
    "000000020": [
      83,
      32
    ],
    "000000021": [
      69,
      32
    ],
    "000000022": [
      61,
      32
    ],
    "000000023": [
      108,
      32
    ],
    "000000024": [
      70,
      32
    ],
    "000000025": [
      84,
      32
    ],
    "000000026": [
      54,
      32
    ],
    "000000027": [
      58,
      32
    ],
    "000000028": [
      59,
      32
    ],
    "000000029": [
      95,
      32
    ],
    "000000030": [
      65,
      32
    ],
    "000000031": [
      84,
      32
    ],
    "000000032": [
      105,
      32
    ],
    "000000033": [
      74,
      32
    ],
    "000000034": [
      74,
      32
    ],
    "000000035": [
      68,
      32
    ],
    "000000036": [
      52,
      32
    ],
    "000000037": [
      70,
      32
    ],
    "000000038": [
      76,
      32
    ],
    "000000039": [
      83,
      32
    ],
    "000000040": [
      83,
      32
    ],
    "000000041": [
      59,
      32
    ],
    "000000042": [
      78,
      32
    ],
    "000000043": [
      104,
      32
    ],
    "000000044": [
      50,
      32
    ],
    "000000045": [
      55,
      32
    ],
    "000000046": [
      67,
      32
    ],
    "000000047": [
      63,
      32
    ],
    "000000048": [
      71,
      32
    ],
    "000000049": [
      82,
      32
    ]
  }
}