{
  "num-samples": 50,
  "labels": {
    "000000000": "ဈေးကြ",
    "000000001": "လာတွေ့ရ",
    "000000002": "ပိုင်း",
    "000000003": "ိန်းချု",
    "000000004": "းအစည်းအ",
    "000000005": "င်းအိ",
    "000000006": "း၊ငါးစတာ",
    "000000007": "ုထုဇဉ်တို",
    "000000008": "ည်းမေတ္တ",
    "000000009": "်ကြီးကရှင",
    "000000010": "တွေမှာ",
    "000000011": "သုံးသူမျာ",
    "000000012": "ရန်အခ",
    "000000013": "က်နေသ",
    "000000014": "ရှာကြသ",
    "000000015": "င်ထည့်သွင",
    "000000016": "းရကပဲစား",
    "000000017": "ေကသာဝမ",
    "000000018": "ိန်ကြ",
    "000000019": "ရှင်စန္",
    "000000020": "ျိန်တ",
    "000000021": "သည်ဟု",
    "000000022": "တွေအနေနဲ့",
    "000000023": "်ရှိမူကြ",
    "000000024": "ားရှိခိုး",
    "000000025": "ျိုးအက",
    "000000026": "းဟာလည်",
    "000000027": "ခါးနဲ",
    "000000028": "ိန်းချုပ",
    "000000029": "က်နှစ",
    "000000030": "ှပဲတင်သ",
    "000000031": "ပဲမို့",
    "000000032": "ေးသား",
    "000000033": "်းပြည်တ",
    "000000034": "င့်ခန်းစ",
    "000000035": "်။၆ဒိန်",
    "000000036": "ိုချေ",
    "000000037": "င်းဝယ်",
    "000000038": "်းစားဇွ",
    "000000039": "ှစ်သက်",
    "000000040": "့နေသည",
    "000000041": "းကပြောသည",
    "000000042": "ေးပါတယ်။မ",
    "000000043": "ကယ်လို",
    "000000044": "မျိုးကြိ",
    "000000045": "။ဗိုက်ကို",
    "000000046": "ယ်။၁လေ",
    "000000047": "်သန်းခွဲရ",
    "000000048": "ီးရွယ်",
    "000000049": "ှော့ခ"
  },
  "sizes": {
    "000000000": [
      132,
      32
    ],
    "000000001": [
      115,
      32
    ],
    "000000002": [
      68,
      32
    ],
    "000000003": [
      156,
      32
    ],
    "000000004": [
      192,
      32
    ],
    "000000005": [
      92,
      32
    ],
    "000000006": [
      195,
      32
    ],
    "000000007": [
      211,
      32
    ],
    "000000008": [
      229,
      32
    ],
    "000000009": [
      202,
      32
    ],
    "000000010": [
      104,
      32
    ],
    "000000011": [
      117,
      32
    ],
    "000000012": [
      86,
      32
    ],
    "000000013": [
      137,
      32
    ],
    "000000014": [
      138,
      32
    ],
    "000000015": [
      191,
      32
    ],
    "000000016": [
      196,
      32
    ],
    "000000017": [
      146,
      32
    ],
    "000000018": [
      133,
      32
    ],
    "000000019": [
      127,
      32
    ],
    "000000020": [
      87,
      32
    ],
    "000000021": [
      103,
      32
    ],
    "000000022": [
      208,
      32
    ],
    "000000023": [
      192,
      32
    ],
    "000000024": [
      174,
      32
    ],
    "000000025": [
      127,
      32
    ],
    "000000026": [
      174,
      32
    ],
    "000000027": [
      125,
      32
    ],
    "000000028": [
      207,
      32
    ],
    "000000029": [
      143,
      32
    ],
    "000000030": [
      102,
      32
    ],
    "000000031": [
      102,
      32
    ],
    "000000032": [
      88,
      32
    ],
    "000000033": [
      186,
      32
    ],
    "000000034": [
      151,
      32
    ],
    "000000035": [
      145,
      32
    ],
    "000000036": [
      94,
      32
    ],
    "000000037": [
      99,
      32
    ],
    "000000038": [
      157,
      32
    ],
    "000000039": [
      130,
      32
    ],
    "000000040": [
      123,
      32
    ],
    "000000041": [
      211,
      32
    ],
    "000000042": [
      237,
      32
    ],
    "000000043": [
      128,
      32
    ],
    "000000044": [
      112,
      32
    ],
    "000000045": [
      207,
      32
    ],
    "000000046": [
      161,
      32
    ],
    "000000047": [
      147,
      32
    ],
    "000000048": [
      90,
      32
    ],
    "000000049": [
      85,
      32
    ]
  }
}