{
  "num-samples": 50,
  "labels": {
    "000000000": "တတ်လျှင်းနှုန",
    "000000001": "်ပါ။လုပ်အိပ်မေ",
    "000000002": "ါအောင်စာတွေအနေန",
    "000000003": "ွမ်းစေပ်သည့်ပြ",
    "000000004": "ုးမျာ်း၎င်",
    "000000005": "ပဲထမင်း၊ီးကရှင်",
    "000000006": "်ရပါတယ်။၁ီးပွား",
    "000000007": "ာ်တွင်ပြုားပွဲတ",
    "000000008": "်နှံစကြသည်။ကာ",
    "000000009": "ိုပါတယ်။လေ့ကျင့",
    "000000010": "ြုလုပ်သာင်းလဲနိ",
    "000000011": "ိုင်မယ့ပါတယ်။၁လ",
    "000000012": "ိုးရကာင်၍မြ",
    "000000013": "လျော့ကျအှင့်ကူး",
    "000000014": "ဲ့ဗိုက်ဝယ်ရေ",
    "000000015": "န်ကြီးဌာန်သည်။ပဲစ",
    "000000016": "င့်ပါတယ်။င်ထလေ့",
    "000000017": "ျင်းပသည်။ပါစေလို့",
    "000000018": "ိုင်းကမ္မဋ",
    "000000019": "်အချိြသည်။",
    "000000020": "မှတ်မည်စိနိုင်ယ",
    "000000021": "င်စို္တာတစ်မ",
    "000000022": "ှက်တိုကြပါတယ",
    "000000023": "ျော့ကရောင်",
    "000000024": "ုံးညို၊ခေ်ပျို",
    "000000025": "က်နှံစးပြသည်။မြ",
    "000000026": "့အဆီချပေ်။ပြည်",
    "000000027": "သမီးတွေကသတိုင်းအ",
    "000000028": "အထိအသုံမ်အပြ",
    "000000029": "နုမှဗီးပွဲတော်မ",
    "000000030": "ံရောင့်ကျင့်ခန်",
    "000000031": "တငှက်တိမြန်မာ",
    "000000032": "။ပဲစားသုစ်ညမှာ",
    "000000033": "တွင်စီး်သက်ကြသ",
    "000000034": "ါတယ်။စွာက်နဲ့",
    "000000035": "်လေ့ကျပဲရောင်း",
    "000000036": "လုပ်သညက်အဆီကိ",
    "000000037": "ျင့်ခနျိန်တစ်သ",
    "000000038": "ာနအောက်ရံ၏စီးပွ",
    "000000039": "င်စီးပခွဲခန",
    "000000040": "်နက်တဲ့ေးဘူး။ဆု",
    "000000041": "ာမင်ဒီဟာအျအောင်",
    "000000042": "လုံးပျေားနေတဲ့",
    "000000043": "ပါ။၈ဗီတာရာခိုင်",
    "000000044": "စ်ညမှားသုံးမ",
    "000000045": "ြင်းကိသည်။ကမ",
    "000000046": "က်ကြီးကြုံတွေ့",
    "000000047": "က်နှစီးတွေ",
    "000000048": "ဝမ်းဗိုတယ်။၆ဒိန်",
    "000000049": "ီရအောြစ်ပါတ"
  },
  "sizes": {
    "000000000": [
      98,
      32
    ],
    "000000001": [
      152,
      32
    ],
    "000000002": [
      199,
      32
    ],
    "000000003": [
      162,
      32
    ],
    "000000004": [
      85,
      32
    ],
    "000000005": [
      140,
      32
    ],
    "000000006": [
      176,
      32
    ],
    "000000007": [
      139,
      32
    ],
    "000000008": [
      176,
      32
    ],
    "000000009": [
      157,
      32
    ],
    "000000010": [
      164,
      32
    ],
    "000000011": [
      159,
      32
    ],
    "000000012": [
      149,
      32
    ],
    "000000013": [
      142,
      32
    ],
    "000000014": [
      107,
      32
    ],
    "000000015": [
      154,
      32
    ],
    "000000016": [
      144,
      32
    ],
    "000000017": [
      170,
      32
    ],
    "000000018": [
      105,
      32
    ],
    "000000019": [
      118,
      32
    ],
    "000000020": [
      119,
      32
    ],
    "000000021": [
      114,
      32
    ],
    "000000022": [
      161,
      32
    ],
    "000000023": [
      126,
      32
    ],
    "000000024": [
      108,
      32
    ],
    "000000025": [
      175,
      32
    ],
    "000000026": [
      177,
      32
    ],
    "000000027": [
      191,
      32
    ],
    "000000028": [
      145,
      32
    ],
    "000000029": [
      131,
      32
    ],
    "000000030": [
      132,
      32
    ],
    "000000031": [
      114,
      32
    ],
    "000000032": [
      149,
      32
    ],
    "000000033": [
      177,
      32
    ],
    "000000034": [
      153,
      32
    ],
    "000000035": [
      144,
      32
    ],
    "000000036": [
      125,
      32
    ],
    "000000037": [
      143,
      32
    ],
    "000000038": [
      193,
      32
    ],
    "000000039": [
      125,
      32
    ],
    "000000040": [
      129,
      32
    ],
    "000000041": [
      148,
      32
    ],
    "000000042": [
      142,
      32
    ],
    "000000043": [
      134,
      32
    ],
    "000000044": [
      117,
      32
    ],
    "000000045": [
      116,
      32
    ],
    "000000046": [
      130,
      32
    ],
    "000000047": [
      125,
      32
    ],
    "000000048": [
      150,
      32
    ],
    "000000049": [
      135,
      32
    ]
  }
}