{
  "num-samples": 50,
  "labels": {
    "000000000": "ြောင်းျိုးအစာ",
    "000000001": "်။သူတော်ရအောင",
    "000000002": "ပြောကြှာ၇၈နာရ",
    "000000003": "်ခါအောင်လအပ်သည်။",
    "000000004": "်ကြပါတယးချရန်ဈ",
    "000000005": "င်မြင့းမှုဥပမာမ",
    "000000006": "၊ထောပတ်သီကြီးခြ",
    "000000007": "ြီးကရြည်ထော",
    "000000008": "ပြန်တွငတ်ကိုရှ",
    "000000009": "ဲတီစိမ််းပြသ",
    "000000010": "ြင်း၊ချက်ြို့တ",
    "000000011": "မှာ၇၈င်းပဲစားသ",
    "000000012": "ရေးဝန်ှိသက်ကြ",
    "000000013": "်အိန္ဒိယနပါ။နေ",
    "000000014": "ျိုးအကအေးဘုရားလ",
    "000000015": "၇၈နာရီလောိုက်နှစ်",
    "000000016": "်ပဲ၊ပဲစငး၊ပဲစို",
    "000000017": "က်နှစ့်ပဲတီစ",
    "000000018": "ါနော်အိာရချိ",
    "000000019": "ာင်းတို့သအနိုင်ယူ",
    "000000020": "ကထည့့်ယုံကြည်",
    "000000021": "သိုလ်ရောင်းဝယ",
    "000000022": "၁ရာခိုငကျအော",
    "000000023": "ရန်ရည်ရွ့အပြင်ပြ",
    "000000024": "ောင်းြောင်",
    "000000025": "ီးကပြော်ခါးန",
    "000000026": "ရန်ကု့်ဝဆီအ",
    "000000027": "ျိုးအဒုတိယ",
    "000000028": "ကရှင်းပြနည်းနေခ",
    "000000029": "ကြာမြင့်တ်ဘူးဆ",
    "000000030": "္ဒိယနိမျှဝေပ",
    "000000031": "လကာရည်သးတက္ကသိ",
    "000000032": "တ်ညစ်န်ပူတာလ",
    "000000033": "ာ့ကျအောက်တ",
    "000000034": "က်လျှက်ဖစ်သက်",
    "000000035": "ောင်ထူးကဖူးလေးမျ",
    "000000036": "ှာ၇၈နာကဆိုသည်။",
    "000000037": "းဘူး။သောင်မြင့",
    "000000038": "ိရပါတယေးဘူး",
    "000000039": "ာသာလျုဝန်ကြီး",
    "000000040": "ရွယ်အိုစလျော့ကျ",
    "000000041": "ာ၇၈နာရီားရေးမြိ",
    "000000042": "ရန်ဈေးစီးပွားရ",
    "000000043": "ုလည်းစားပဝန်ကြီးကမ",
    "000000044": "းကိုမတ်ပျူတာက",
    "000000045": "ောင်းဝီးတက္ကသို",
    "000000046": "မာနိုင်ငံင့်ချိန်",
    "000000047": "အိန္ဒိယည်ရွယ်သည်",
    "000000048": "ိုမတ်ျိုးမ",
    "000000049": "ီလောက်အိပးခြင်း"
  },
  "sizes": {
    "000000000": [
      129,
      32
    ],
    "000000001": [
      179,
      32
    ],
    "000000002": [
      167,
      32
    ],
    "000000003": [
      218,
      32
    ],
    "000000004": [
      190,
      32
    ],
    "000000005": [
      139,
      32
    ],
    "000000006": [
      200,
      32
    ],
    "000000007": [
      152,
      32
    ],
    "000000008": [
      126,
      32
    ],
    "000000009": [
      135,
      32
    ],
    "000000010": [
      132,
      32
    ],
    "000000011": [
      186,
      32
    ],
    "000000012": [
      159,
      32
    ],
    "000000013": [
      143,
      32
    ],
    "000000014": [
      190,
      32
    ],
    "000000015": [
      150,
      32
    ],
    "000000016": [
      129,
      32
    ],
    "000000017": [
      101,
      32
    ],
    "000000018": [
      102,
      32
    ],
    "000000019": [
      160,
      32
    ],
    "000000020": [
      165,
      32
    ],
    "000000021": [
      170,
      32
    ],
    "000000022": [
      168,
      32
    ],
    "000000023": [
      143,
      32
    ],
    "000000024": [
      98,
      32
    ],
    "000000025": [
      134,
      32
    ],
    "000000026": [
      113,
      32
    ],
    "000000027": [
      96,
      32
    ],
    "000000028": [
      188,
      32
    ],
    "000000029": [
      126,
      32
    ],
    "000000030": [
      100,
      32
    ],
    "000000031": [
      230,
      32
    ],
    "000000032": [
      130,
      32
    ],
    "000000033": [
      162,
      32
    ],
    "000000034": [
      144,
      32
    ],
    "000000035": [
      142,
      32
    ],
    "000000036": [
      189,
      32
    ],
    "000000037": [
      140,
      32
    ],
    "000000038": [
      143,
      32
    ],
    "000000039": [
      153,
      32
    ],
    "000000040": [
      179,
      32
    ],
    "000000041": [
      188,
      32
    ],
    "000000042": [
      135,
      32
    ],
    "000000043": [
      213,
      32
    ],
    "000000044": [
      142,
      32
    ],
    "000000045": [
      145,
      32
    ],
    "000000046": [
      113,
      32
    ],
    "000000047": [
      172,
      32
    ],
    "000000048": [
      97,
      32
    ],
    "000000049": [
      167,
      32
    ]
  }
}