{
  "num-samples": 50,
  "labels": {
    "000000000": "က်လအတွင်း",
    "000000001": "အထနည်းနေခ",
    "000000002": "ဲရောင်းချ",
    "000000003": "ှုရှိခဲ့တ",
    "000000004": "င်းအစည်းအ",
    "000000005": "နိုင်မည့်",
    "000000006": "တဲ့အုပ်စု",
    "000000007": "းနှင့်ကူး",
    "000000008": "အားမြှင့်",
    "000000009": "ိုစောင့်ရ",
    "000000010": "ာအေးဘုရား",
    "000000011": "းဧည့်ခံကျ",
    "000000012": "မည့်ဆင်းရ",
    "000000013": "ုခြောက်လအ",
    "000000014": "းဘူး။ကိလေ",
    "000000015": "ေးအပ်သည်။",
    "000000016": "်။ကာမဂုဏ်",
    "000000017": "းကိုဒုတိယ",
    "000000018": "င်းပြသည်။",
    "000000019": "း၌ပြည်ထော",
    "000000020": "ာကြားခြင်",
    "000000021": "င်ဒီဟာအဆီ",
    "000000022": "ောက်သုံးရ",
    "000000023": "ိုပြောင်း",
    "000000024": "မှတ်ဝယ်ယူ",
    "000000025": "ွန်းခြင်း",
    "000000026": "ည့်ခံကျွေ",
    "000000027": "ကယ်လိုရီက",
    "000000028": "့ကျင့်ခန်",
    "000000029": "စီးဌာနအော",
    "000000030": "စ်ပါတယ်။ဗ",
    "000000031": "င်ပါ။တစ်ည",
    "000000032": "ိသည်ဟုဒုတ",
    "000000033": "်းချရန်ဈေ",
    "000000034": "ားသီးနှံမ",
    "000000035": "ွံမာတဲ့အစ",
    "000000036": "ြင်းတို့က",
    "000000037": "ရှင်းပြသည",
    "000000038": "်မှာအဆီတွ",
    "000000039": "ည်းစားပေး",
    "000000040": "ရာတာ်အရှင",
    "000000041": "င့်ချိန်တ",
    "000000042": "ဝန်ကြီးကရ",
    "000000043": "ီးကရှင်းပ",
    "000000044": "ုင်းအိမ်အ",
    "000000045": "်းဖြစ်သည်",
    "000000046": "်မယ့်အလွယ",
    "000000047": "ျားကိုဒုတ",
    "000000048": "ပေါ်ရှိသက",
    "000000049": "လာစေရေးညှ"
  },
  "sizes": {
    "000000000": [
      80,
      32
    ],
    "000000001": [
      85,
      32
    ],
    "000000002": [
      57,
      32
    ],
    "000000003": [
      34,
      32
    ],
    "000000004": [
      77,
      32
    ],
    "000000005": [
      48,
      32
    ],
    "000000006": [
      50,
      32
    ],
    "000000007": [
      54,
      32
    ],
    "000000008": [
      58,
      32
    ],
    "000000009": [
      60,
      32
    ],
    "000000010": [
      117,
      32
    ],
    "000000011": [
      64,
      32
    ],
    "000000012": [
      79,
      32
    ],
    "000000013": [
      85,
      32
    ],
    "000000014": [
      73,
      32
    ],
    "000000015": [
      92,
      32
    ],
    "000000016": [
      92,
      32
    ],
    "000000017": [
      50,
      32
    ],
    "000000018": [
      68,
      32
    ],
    "000000019": [
      81,
      32
    ],
    "000000020": [
      65,
      32
    ],
    "000000021": [
      90,
      32
    ],
    "000000022": [
      71,
      32
    ],
    "000000023": [
      50,
      32
    ],
    "000000024": [
      67,
      32
    ],
    "000000025": [
      64,
      32
    ],
    "000000026": [
      56,
      32
    ],
    "000000027": [
      82,
      32
    ],
    "000000028": [
      61,
      32
    ],
    "000000029": [
      77,
      32
    ],
    "000000030": [
      107,
      32
    ],
    "000000031": [
      71,
      32
    ],
    "000000032": [
      94,
      32
    ],
    "000000033": [
      64,
      32
    ],
    "000000034": [
      62,
      32
    ],
    "000000035": [
      64,
      32
    ],
    "000000036": [
      55,
      32
    ],
    "000000037": [
      75,
      32
    ],
    "000000038": [
      76,
      32
    ],
    "000000039": [
      70,
      32
    ],
    "000000040": [
      81,
      32
    ],
    "000000041": [
      38,
      32
    ],
    "000000042": [
      65,
      32
    ],
    "000000043": [
      65,
      32
    ],
    "000000044": [
      56,
      32
    ],
    "000000045": [
      72,
      32
    ],
    "000000046": [
      102,
      32
    ],
    "000000047": [
      66,
      32
    ],
    "000000048": [
      67,
      32
    ],
    "000000049": [
      119,
      32
    ]
  }
}