{
  "num-samples": 50,
  "labels": {
    "000000000": "ထောပတ၈နာရီလေ",
    "000000001": "ာမင်ဒီဟာအာတစ်မျ",
    "000000002": "ေတာမဟားပေးရမှ",
    "000000003": "စားသုံးမးယူပေး",
    "000000004": "ွားရေ်ပို့",
    "000000005": "ြသည်။ပ်ဝိုက်မှ",
    "000000006": "အတွက်စိတာင့်မြန်",
    "000000007": "ပွဲတောျူတာကိုည",
    "000000008": "ှုန်းလျေရောင်းချမ",
    "000000009": "းမှုကန့်နံနက်တိ",
    "000000010": "ြောင်ပြီးဗိုက",
    "000000011": "်နှစ်လေ့အထနည်း",
    "000000012": "ာ်စတင်ကျငျိုးစုံရေ",
    "000000013": "ုကြိုက်နဲတော်စတင",
    "000000014": "ေပေးခြ်မှတ်မည",
    "000000015": "ဒုတိယဝဆိုသည",
    "000000016": "်ကိုတုန်ခည်သူထင်",
    "000000017": "့တင်ပိုိပ်ဖြတ်ပါ",
    "000000018": "ရေးဝန်အပါအဝ",
    "000000019": "ျင့်ခန်းတွင်းပဲစာ",
    "000000020": "်ပဲစာကျော်က",
    "000000021": "ြင်းဖြစကွက်ပျော",
    "000000022": "းမှုကိုကြီးက",
    "000000023": "ဘာအေးဘုရပါ။ဝမ",
    "000000024": "ပါလိမ့ဝန်ထမ်းဦ",
    "000000025": "ှု၅ရှလကာရယ်ရေးဝန်က",
    "000000026": "မှုကြးစုကဈေ",
    "000000027": "ုဝန်ကတဲ့အထိအ",
    "000000028": "ောင်မှု၅ရ့ဖြစ်",
    "000000029": "်ပြီးဝ်နက်တဲ့",
    "000000030": "ာရချို့တနိုဝင်ဘာ၁",
    "000000031": "ဟုစီးပည်။ပြည်",
    "000000032": "ပဲစားပွဲတြာမြင့",
    "000000033": "ု့ကြေသုံးပြု",
    "000000034": "အပါအဝျိန်တွင်",
    "000000035": "နေခြင်းက့ကောက်နှ",
    "000000036": "ြောင့းသုံးမှု",
    "000000037": "က်ပျိုမျိုးပဲမိ",
    "000000038": "နေပြည်မ်းစေလို",
    "000000039": "ကောက်နှံစာမြင့",
    "000000040": "းခြင်းဟာလို့အတင",
    "000000041": "ုင်ငံမယ်။ဒါ",
    "000000042": "ြီးကရှင်ရနေရင်ဝ",
    "000000043": "းပါတယိပေးထု",
    "000000044": "ဦးဆောရီကိုထိန",
    "000000045": "ုင်ငံ၏်အိပ်မောက",
    "000000046": "ခြိုက််းပြသည်။",
    "000000047": "ို၊ခေပြည်ပဈေးက",
    "000000048": "ိုက်အဆီ၈းစေလို့",
    "000000049": "နိုင်မာဖြစ်ပါတ"
  },
  "sizes": {
    "000000000": [
      166,
      32
    ],
    "000000001": [
      175,
      32
    ],
    "000000002": [
      194,
      32
    ],
    "000000003": [
      139,
      32
    ],
    "000000004": [
      107,
      32
    ],
    "000000005": [
      118,
      32
    ],
    "000000006": [
      160,
      32
    ],
    "000000007": [
      161,
      32
    ],
    "000000008": [
      176,
      32
    ],
    "000000009": [
      119,
      32
    ],
    "000000010": [
      110,
      32
    ],
    "000000011": [
      161,
      32
    ],
    "000000012": [
      157,
      32
    ],
    "000000013": [
      156,
      32
    ],
    "000000014": [
      172,
      32
    ],
    "000000015": [
      148,
      32
    ],
    "000000016": [
      129,
      32
    ],
    "000000017": [
      124,
      32
    ],
    "000000018": [
      132,
      32
    ],
    "000000019": [
      150,
      32
    ],
    "000000020": [
      149,
      32
    ],
    "000000021": [
      128,
      32
    ],
    "000000022": [
      84,
      32
    ],
    "000000023": [
      247,
      32
    ],
    "000000024": [
      129,
      32
    ],
    "000000025": [
      159,
      32
    ],
    "000000026": [
      116,
      32
    ],
    "000000027": [
      141,
      32
    ],
    "000000028": [
      104,
      32
    ],
    "000000029": [
      118,
      32
    ],
    "000000030": [
      134,
      32
    ],
    "000000031": [
      125,
      32
    ],
    "000000032": [
      120,
      32
    ],
    "000000033": [
      131,
      32
    ],
    "000000034": [
      133,
      32
    ],
    "000000035": [
      197,
      32
    ],
    "000000036": [
      87,
      32
    ],
    "000000037": [
      110,
      32
    ],
    "000000038": [
      151,
      32
    ],
    "000000039": [
      120,
      32
    ],
    "000000040": [
      165,
      32
    ],
    "000000041": [
      108,
      32
    ],
    "000000042": [
      153,
      32
    ],
    "000000043": [
      120,
      32
    ],
    "000000044": [
      156,
      32
    ],
    "000000045": [
      158,
      32
    ],
    "000000046": [
      109,
      32
    ],
    "000000047": [
      153,
      32
    ],
    "000000048": [
      132,
      32
    ],
    "000000049": [
      116,
      32
    ]
  }
}