{
  "num-samples": 50,
  "labels": {
    "000000000": "။ပြည်ပတင်",
    "000000001": "င်း၊ပဲစို",
    "000000002": "မည်စိုးသဖ",
    "000000003": "န်မာနိုင်",
    "000000004": "်သို့ကာကွ",
    "000000005": "ော်တွင်ဒု",
    "000000006": "ှံများပြေ",
    "000000007": "ပြန်တွင်ပ",
    "000000008": "ည့်လေ့ကျင",
    "000000009": "ုခြောက်လအ",
    "000000010": "ရာခိုင်နှ",
    "000000011": "ြီးဝနိုင်",
    "000000012": "ချပါ။အနား",
    "000000013": "လာစေရေးညှ",
    "000000014": "ူမျိုးမျာ",
    "000000015": "ဇွန်းထည့်",
    "000000016": "ောက်သုံးရ",
    "000000017": "။၁၂။အကြို",
    "000000018": "စေတဲ့စက်န",
    "000000019": "ုံးချိန်တ",
    "000000020": "ကျင့်ခန်း",
    "000000021": "့်ခန်း၊ခါ",
    "000000022": "ူတော်ကမ္မ",
    "000000023": "သူတွေအတွက",
    "000000024": "ူတာလျော့က",
    "000000025": "်စိုးသဖြင",
    "000000026": "့်ပဲအိပ်တ",
    "000000027": "ဝင်အသိပေး",
    "000000028": "ပ်သလိုခြေ",
    "000000029": "လေ့လာတွေ့",
    "000000030": "ပြည်ပသို့",
    "000000031": "ြောင်းနှင",
    "000000032": "်တော်တွင်",
    "000000033": "ွင်းမှုကန",
    "000000034": "ာ်တွင်ပြု",
    "000000035": "နော်အိန္ဒ",
    "000000036": "ူပါ။၈ဗီတာ",
    "000000037": "ုံကြည်ကြပ",
    "000000038": "တက်လာစေရေ",
    "000000039": "်းကဆိုသည်",
    "000000040": "ရွယ်သည်ဟု",
    "000000041": "င်း၊ပဲဟင်",
    "000000042": "ေးဝန်ကြီး",
    "000000043": "ျင့်ခန်းလ",
    "000000044": "ုံတွေ့နေရ",
    "000000045": "ကာမဂုဏ်ကိ",
    "000000046": "ယ်အိုစောင",
    "000000047": "ဟာရချို့တ",
    "000000048": "အချိန်ကြာ",
    "000000049": "င်ဆေးလိပ်"
  },
  "sizes": {
    "000000000": [
      67,
      32
    ],
    "000000001": [
      40,
      32
    ],
    "000000002": [
      57,
      32
    ],
    "000000003": [
      44,
      32
    ],
    "000000004": [
      66,
      32
    ],
    "000000005": [
      55,
      32
    ],
    "000000006": [
      63,
      32
    ],
    "000000007": [
      50,
      32
    ],
    "000000008": [
      80,
      32
    ],
    "000000009": [
      89,
      32
    ],
    "000000010": [
      51,
      32
    ],
    "000000011": [
      44,
      32
    ],
    "000000012": [
      70,
      32
    ],
    "000000013": [
      113,
      32
    ],
    "000000014": [
      58,
      32
    ],
    "000000015": [
      61,
      32
    ],
    "000000016": [
      63,
      32
    ],
    "000000017": [
      78,
      32
    ],
    "000000018": [
      79,
      32
    ],
    "000000019": [
      53,
      32
    ],
    "000000020": [
      62,
      32
    ],
    "000000021": [
      46,
      32
    ],
    "000000022": [
      71,
      32
    ],
    "000000023": [
      132,
      32
    ],
    "000000024": [
      116,
      32
    ],
    "000000025": [
      63,
      32
    ],
    "000000026": [
      75,
      32
    ],
    "000000027": [
      99,
      32
    ],
    "000000028": [
      77,
      32
    ],
    "000000029": [
      123,
      32
    ],
    "000000030": [
      63,
      32
    ],
    "000000031": [
      55,
      32
    ],
    "000000032": [
      69,
      32
    ],
    "000000033": [
      65,
      32
    ],
    "000000034": [
      67,
      32
    ],
    "000000035": [
      55,
      32
    ],
    "000000036": [
      81,
      32
    ],
    "000000037": [
      78,
      32
    ],
    "000000038": [
      118,
      32
    ],
    "000000039": [
      86,
      32
    ],
    "000000040": [
      73,
      32
    ],
    "000000041": [
      80,
      32
    ],
    "000000042": [
      76,
      32
    ],
    "000000043": [
      65,
      32
    ],
    "000000044": [
      71,
      32
    ],
    "000000045": [
      87,
      32
    ],
    "000000046": [
      59,
      32
    ],
    "000000047": [
      64,
      32
    ],
    "000000048": [
      65,
      32
    ],
    "000000049": [
      102,
      32
    ]
  }
}