{
  "num-samples": 50,
  "labels": {
    "000000000": "သုံးမျိုး",
    "000000001": "ချပေးတာကထ",
    "000000002": "းမြေ့",
    "000000003": "ု့အတင်းထိ",
    "000000004": "ာဖတ်သူမ",
    "000000005": "ံးညို",
    "000000006": "တဲ့လေ",
    "000000007": "်ရန်အချိ",
    "000000008": "မြင့်ခြင်",
    "000000009": "ုပ်ပြီ",
    "000000010": "းဖြတ်ပြီး",
    "000000011": "ာ်ဘုရာ",
    "000000012": "ယ်မယ်ဆို",
    "000000013": "ြုတ်ရန်",
    "000000014": "အရာဖြစ်ပါ",
    "000000015": "ိုရှာက",
    "000000016": "န်ကြီး",
    "000000017": "်မလေးမှုသ",
    "000000018": "သင်္ခတဓာတ",
    "000000019": "်းလေ့",
    "000000020": "်ကြီးကရ",
    "000000021": "ော့ကျအေ",
    "000000022": "သေးဘူး။ဆု",
    "000000023": "စ်စေနိုင်",
    "000000024": "်းတွင",
    "000000025": "ထောပတ်",
    "000000026": "်ဆိုတာမဆု",
    "000000027": "ံစာဥပမာဆ",
    "000000028": "ပြည်တွင",
    "000000029": "ြသည်။ဆရာ",
    "000000030": "သောပဲထမင",
    "000000031": "၌ပဲစားပွဲ",
    "000000032": "ရန်တွန်",
    "000000033": "ုံးပဲစာ",
    "000000034": "့မှုတန်",
    "000000035": "န်းတစ",
    "000000036": "တယ်။၇",
    "000000037": "ပြသည်။ထ",
    "000000038": "ောင်က",
    "000000039": "ုင်ယူပ",
    "000000040": "မှာဖြစ",
    "000000041": "င်ဒီဟ",
    "000000042": "ာလျော့ကျ",
    "000000043": "ငှက်တို့",
    "000000044": "းကြုံတွေ့",
    "000000045": "လာစေရေးည",
    "000000046": "ုန်ခါစေတဲ",
    "000000047": "ောက်ရ",
    "000000048": "်ညမှာ၅၆နာ",
    "000000049": "တင်သွင်းမ"
  },
  "sizes": {
    "000000000": [
      132,
      32
    ],
    "000000001": [
      131,
      32
    ],
    "000000002": [
      41,
      32
    ],
    "000000003": [
      180,
      32
    ],
    "000000004": [
      151,
      32
    ],
    "000000005": [
      70,
      32
    ],
    "000000006": [
      72,
      32
    ],
    "000000007": [
      106,
      32
    ],
    "000000008": [
      158,
      32
    ],
    "000000009": [
      86,
      32
    ],
    "000000010": [
      129,
      32
    ],
    "000000011": [
      101,
      32
    ],
    "000000012": [
      162,
      32
    ],
    "000000013": [
      117,
      32
    ],
    "000000014": [
      161,
      32
    ],
    "000000015": [
      83,
      32
    ],
    "000000016": [
      67,
      32
    ],
    "000000017": [
      165,
      32
    ],
    "000000018": [
      160,
      32
    ],
    "000000019": [
      96,
      32
    ],
    "000000020": [
      123,
      32
    ],
    "000000021": [
      110,
      32
    ],
    "000000022": [
      112,
      32
    ],
    "000000023": [
      165,
      32
    ],
    "000000024": [
      65,
      32
    ],
    "000000025": [
      93,
      32
    ],
    "000000026": [
      148,
      32
    ],
    "000000027": [
      136,
      32
    ],
    "000000028": [
      110,
      32
    ],
    "000000029": [
      147,
      32
    ],
    "000000030": [
      171,
      32
    ],
    "000000031": [
      139,
      32
    ],
    "000000032": [
      104,
      32
    ],
    "000000033": [
      96,
      32
    ],
    "000000034": [
      131,
      32
    ],
    "000000035": [
      77,
      32
    ],
    "000000036": [
      70,
      32
    ],
    "000000037": [
      143,
      32
    ],
    "000000038": [
      76,
      32
    ],
    "000000039": [
      98,
      32
    ],
    "000000040": [
      105,
      32
    ],
    "000000041": [
      77,
      32
    ],
    "000000042": [
      124,
      32
    ],
    "000000043": [
      107,
      32
    ],
    "000000044": [
      184,
      32
    ],
    "000000045": [
      94,
      32
    ],
    "000000046": [
      147,
      32
    ],
    "000000047": [
      93,
      32
    ],
    "000000048": [
      149,
      32
    ],
    "000000049": [
      137,
      32
    ]
  }
}