{
  "num-samples": 50,
  "labels": {
    "000000000": "ုက်ပျို",
    "000000001": "်းခွဲ",
    "000000002": "ာကြသည်",
    "000000003": "်တယ်လို့ယ",
    "000000004": "မ်ဟာအဆီ",
    "000000005": "တွင်ဒုတိယ",
    "000000006": "ောက်အိပ",
    "000000007": "ပျိုးထ",
    "000000008": "တွင်အလင်",
    "000000009": "်းအဝေး၌ပြ",
    "000000010": "ါဝင်နေပါ",
    "000000011": "ီးမှုကို",
    "000000012": "ျားကျင",
    "000000013": "၀မီလီ",
    "000000014": "ကြပါတယ်",
    "000000015": "င်း၊ပ",
    "000000016": "က်အိပ်",
    "000000017": "းပါနော",
    "000000018": "သည်ဟု",
    "000000019": "းဝယ်ရေ",
    "000000020": "ာတွင်နိုဝ",
    "000000021": "င်းဝယ်",
    "000000022": "အိပ်မော",
    "000000023": "ီတာမင်ဒ",
    "000000024": "က်တတ်လျ",
    "000000025": "ုင်ငံလုံး",
    "000000026": "သုံးမ",
    "000000027": "းကျင်",
    "000000028": "နှုန်းပ",
    "000000029": "ပေါ်ရှိသက",
    "000000030": "သေးဘူး",
    "000000031": "့်ခန်း",
    "000000032": "ပြင်မှာ၁",
    "000000033": "ရွယ်အ",
    "000000034": "ယ်လ်စီ",
    "000000035": "ြန်မာနို",
    "000000036": "မည့်ဆ",
    "000000037": "ခန့်ပြည်ပ",
    "000000038": "ခံကျွ",
    "000000039": "္ဘာအေးဘုရ",
    "000000040": "အဝင်တ",
    "000000041": "လုံးည",
    "000000042": "ုပ်စုတစ်ခ",
    "000000043": "်တော်တ",
    "000000044": "င်လေ့ကျင့",
    "000000045": "်အိပ်တ",
    "000000046": "နိုဝင်",
    "000000047": "ါတယ်။စွမ",
    "000000048": "်းသို့ပဲရ",
    "000000049": "န်ကြီးက"
  },
  "sizes": {
    "000000000": [
      85,
      32
    ],
    "000000001": [
      31,
      32
    ],
    "000000002": [
      106,
      32
    ],
    "000000003": [
      121,
      32
    ],
    "000000004": [
      162,
      32
    ],
    "000000005": [
      146,
      32
    ],
    "000000006": [
      137,
      32
    ],
    "000000007": [
      52,
      32
    ],
    "000000008": [
      118,
      32
    ],
    "000000009": [
      116,
      32
    ],
    "000000010": [
      146,
      32
    ],
    "000000011": [
      121,
      32
    ],
    "000000012": [
      62,
      32
    ],
    "000000013": [
      94,
      32
    ],
    "000000014": [
      110,
      32
    ],
    "000000015": [
      71,
      32
    ],
    "000000016": [
      93,
      32
    ],
    "000000017": [
      65,
      32
    ],
    "000000018": [
      70,
      32
    ],
    "000000019": [
      86,
      32
    ],
    "000000020": [
      163,
      32
    ],
    "000000021": [
      93,
      32
    ],
    "000000022": [
      139,
      32
    ],
    "000000023": [
      122,
      32
    ],
    "000000024": [
      128,
      32
    ],
    "000000025": [
      133,
      32
    ],
    "000000026": [
      68,
      32
    ],
    "000000027": [
      57,
      32
    ],
    "000000028": [
      101,
      32
    ],
    "000000029": [
      151,
      32
    ],
    "000000030": [
      77,
      32
    ],
    "000000031": [
      61,
      32
    ],
    "000000032": [
      92,
      32
    ],
    "000000033": [
      97,
      32
    ],
    "000000034": [
      104,
      32
    ],
    "000000035": [
      88,
      32
    ],
    "000000036": [
      113,
      32
    ],
    "000000037": [
      135,
      32
    ],
    "000000038": [
      56,
      32
    ],
    "000000039": [
      138,
      32
    ],
    "000000040": [
      100,
      32
    ],
    "000000041": [
      79,
      32
    ],
    "000000042": [
      122,
      32
    ],
    "000000043": [
      90,
      32
    ],
    "000000044": [
      139,
      32
    ],
    "000000045": [
      102,
      32
    ],
    "000000046": [
      118,
      32
    ],
    "000000047": [
      134,
      32
    ],
    "000000048": [
      135,
      32
    ],
    "000000049": [
      107,
      32
    ]
  }
}