{
  "num-samples": 50,
  "labels": {
    "000000000": "န်ဝန်မ",
    "000000001": "သူတွေဟာ",
    "000000002": "စားပါ",
    "000000003": "းလမ်းပေါ်",
    "000000004": "ယ်။ဗီ",
    "000000005": "ကွန်ပ",
    "000000006": "းမြှင့်လေ",
    "000000007": "ျက်တာ",
    "000000008": "ုဇဉ်တို့",
    "000000009": "ခန်းလု",
    "000000010": "လူရှင်ကော",
    "000000011": "ျမှုရှိခဲ",
    "000000012": "ုးဦးခိုက်",
    "000000013": "တင်ပို",
    "000000014": "ားပေးအ",
    "000000015": "်ဝန်မလ",
    "000000016": "းရှိခိ",
    "000000017": "န်မလေ",
    "000000018": "ိုစော",
    "000000019": "န်တွင်ပဲ",
    "000000020": "ုင်းကိ",
    "000000021": "ားပေးရမ",
    "000000022": "ာင်ရွ",
    "000000023": "်တွင်ပြုလ",
    "000000024": "ပြောင်းလ",
    "000000025": "လုံးပျော",
    "000000026": "ည်။ထို့အ",
    "000000027": "မြဲတမ်း",
    "000000028": "ူတွေထက်ခါ",
    "000000029": "ုကြိုက",
    "000000030": "ုံးချိ",
    "000000031": "ပ်ကိုရှာက",
    "000000032": "်ရသေးဘူး",
    "000000033": "ကန်ရန်ဝန်",
    "000000034": "တစ်နှစ",
    "000000035": "လူမျိုး",
    "000000036": "်ခန်းလု",
    "000000037": "္ဌာနစ",
    "000000038": "်းနေခြင်",
    "000000039": "ော်ကြာမြင",
    "000000040": "်းပိုမျာ",
    "000000041": "ူးသန်",
    "000000042": "လုပ်န",
    "000000043": "ီကိုရယူပါ",
    "000000044": "လဲနိုင်မ",
    "000000045": "ာကျပါလိမ့",
    "000000046": "တ်ဝယ်ယူခ",
    "000000047": "တကာတွင",
    "000000048": "ုထိန်",
    "000000049": "အကြိုက်သ"
  },
  "sizes": {
    "000000000": [
      85,
      32
    ],
    "000000001": [
      114,
      32
    ],
    "000000002": [
      88,
      32
    ],
    "000000003": [
      166,
      32
    ],
    "000000004": [
      92,
      32
    ],
    "000000005": [
      89,
      32
    ],
    "000000006": [
      151,
      32
    ],
    "000000007": [
      110,
      32
    ],
    "000000008": [
      104,
      32
    ],
    "000000009": [
      83,
      32
    ],
    "000000010": [
      135,
      32
    ],
    "000000011": [
      79,
      32
    ],
    "000000012": [
      159,
      32
    ],
    "000000013": [
      98,
      32
    ],
    "000000014": [
      83,
      32
    ],
    "000000015": [
      113,
      32
    ],
    "000000016": [
      65,
      32
    ],
    "000000017": [
      72,
      32
    ],
    "000000018": [
      67,
      32
    ],
    "000000019": [
      130,
      32
    ],
    "000000020": [
      132,
      32
    ],
    "000000021": [
      95,
      32
    ],
    "000000022": [
      72,
      32
    ],
    "000000023": [
      161,
      32
    ],
    "000000024": [
      128,
      32
    ],
    "000000025": [
      79,
      32
    ],
    "000000026": [
      92,
      32
    ],
    "000000027": [
      128,
      32
    ],
    "000000028": [
      111,
      32
    ],
    "000000029": [
      110,
      32
    ],
    "000000030": [
      101,
      32
    ],
    "000000031": [
      169,
      32
    ],
    "000000032": [
      101,
      32
    ],
    "000000033": [
      146,
      32
    ],
    "000000034": [
      85,
      32
    ],
    "000000035": [
      105,
      32
    ],
    "000000036": [
      119,
      32
    ],
    "000000037": [
      76,
      32
    ],
    "000000038": [
      124,
      32
    ],
    "000000039": [
      191,
      32
    ],
    "000000040": [
      136,
      32
    ],
    "000000041": [
      75,
      32
    ],
    "000000042": [
      48,
      32
    ],
    "000000043": [
      111,
      32
    ],
    "000000044": [
      138,
      32
    ],
    "000000045": [
      127,
      32
    ],
    "000000046": [
      108,
      32
    ],
    "000000047": [
      104,
      32
    ],
    "000000048": [
      83,
      32
    ],
    "000000049": [
      161,
      32
    ]
  }
}