{
  "num-samples": 50,
  "labels": {
    "000000000": "်းသတ်င့်ပဲ",
    "000000001": "ဒီရအောင်ငံတကာ",
    "000000002": "း၊ချက်ပြုှိသက်ကြီ",
    "000000003": "တ်ရန်အွင်းဝန",
    "000000004": "ဋ္ဌာနစရိယေ့ကျင့်ခန",
    "000000005": "ပါ။ဝမ်းးသောက်သု",
    "000000006": "သည်ဟုီစိမ်းတ",
    "000000007": "ရန်ဝန်ွန်ပျူတာက",
    "000000008": "ရနေရင်ဝင်ငံမ",
    "000000009": "ုးသဖြျိန်ကြာ",
    "000000010": "ျုပ်ပြ်လူရှင်ကေ",
    "000000011": "၁လေ့ကျင်ရှိမူ",
    "000000012": "သက်ကြသညုးပဲမို",
    "000000013": "သောက်ပါ်နှုန်း",
    "000000014": "ပါတယ်။၆န်ကြီးဌာန",
    "000000015": "ီကိုထိန်ိတ်များ",
    "000000016": "င်ငံတကာတွတက္ကသို",
    "000000017": "ောင်းလဲနိငါးစတာတွ",
    "000000018": "င်ကျင်းင်းပြ",
    "000000019": "င့်ခန်ုနဲ့မပ",
    "000000020": "ကွန်ပျူ်မယ်။၄စ",
    "000000021": "လည်းမေတ္တတော်တွင်ပ",
    "000000022": "းဦးခိတန်ချ",
    "000000023": "ွင်းမဆိုတာမ",
    "000000024": "နှင့်ကူးယ်နို",
    "000000025": "ိုရယူပါ။ဝပေးအပ်",
    "000000026": "မွေးပြီးမိနစ်လ",
    "000000027": "ပြောငသတ်မှတ်ဝ",
    "000000028": "ုံးမျိ်တွင်း",
    "000000029": "်းသတ်မှတယ်။၂ဗို",
    "000000030": "ိသာသာလျောှင့်ကူးသန",
    "000000031": "ီးပွားရေးာင့်အဝလွန",
    "000000032": "တဲ့အရာဖိုအသုံး",
    "000000033": "တက်လာနေနဲ့အခွ",
    "000000034": "ပျောက်ဆု်။လူမှုဝန",
    "000000035": "ောင်သင့်ပ်မလေးဘူ",
    "000000036": "၉ဆေးလိပ်ာင်းလ",
    "000000037": "ု့လိုပါာ်လည်း",
    "000000038": "်ရာဝင်ပါ။ားအစာတ",
    "000000039": "နိုဝငာ့ကျအော",
    "000000040": "ပါတယ်။ိတ်ပိုင်",
    "000000041": "လက်ဆောိန်တွ",
    "000000042": "ံကျွေးမွေးကျွေးနေ",
    "000000043": "ာများကိ်၍မြန်မာန",
    "000000044": "ာ၅၆နာရီခ့်လေ့",
    "000000045": "ိုရေးသျစေတာက",
    "000000046": "ောက်နဲ့ဝယန်တွင်ပြည",
    "000000047": "ော့ကျအောငပျိုးခ",
    "000000048": "့်ယူဆချက်ုံးပြု၍",
    "000000049": "ားခြင်းဖဉ်ကယ်လိ"
  },
  "sizes": {
    "000000000": [
      87,
      32
    ],
    "000000001": [
      145,
      32
    ],
    "000000002": [
      179,
      32
    ],
    "000000003": [
      122,
      32
    ],
    "000000004": [
      173,
      32
    ],
    "000000005": [
      147,
      32
    ],
    "000000006": [
      147,
      32
    ],
    "000000007": [
      148,
      32
    ],
    "000000008": [
      130,
      32
    ],
    "000000009": [
      150,
      32
    ],
    "000000010": [
      151,
      32
    ],
    "000000011": [
      117,
      32
    ],
    "000000012": [
      131,
      32
    ],
    "000000013": [
      131,
      32
    ],
    "000000014": [
      155,
      32
    ],
    "000000015": [
      113,
      32
    ],
    "000000016": [
      188,
      32
    ],
    "000000017": [
      175,
      32
    ],
    "000000018": [
      102,
      32
    ],
    "000000019": [
      87,
      32
    ],
    "000000020": [
      152,
      32
    ],
    "000000021": [
      186,
      32
    ],
    "000000022": [
      103,
      32
    ],
    "000000023": [
      122,
      32
    ],
    "000000024": [
      114,
      32
    ],
    "000000025": [
      139,
      32
    ],
    "000000026": [
      118,
      32
    ],
    "000000027": [
      159,
      32
    ],
    "000000028": [
      103,
      32
    ],
    "000000029": [
      142,
      32
    ],
    "000000030": [
      163,
      32
    ],
    "000000031": [
      165,
      32
    ],
    "000000032": [
      135,
      32
    ],
    "000000033": [
      162,
      32
    ],
    "000000034": [
      157,
      32
    ],
    "000000035": [
      187,
      32
    ],
    "000000036": [
      138,
      32
    ],
    "000000037": [
      133,
      32
    ],
    "000000038": [
      167,
      32
    ],
    "000000039": [
      140,
      32
    ],
    "000000040": [
      130,
      32
    ],
    "000000041": [
      138,
      32
    ],
    "000000042": [
      192,
      32
    ],
    "000000043": [
      170,
      32
    ],
    "000000044": [
      145,
      32
    ],
    "000000045": [
      158,
      32
    ],
    "000000046": [
      147,
      32
    ],
    "000000047": [
      148,
      32
    ],
    "000000048": [
      148,
      32
    ],
    "000000049": [
      153,
      32
    ]
  }
}