{
  "num-samples": 50,
  "labels": {
    "000000000": "ဆိုင်ရာခးနှင့",
    "000000001": "ိုတုနပဲစိုက",
    "000000002": "ာ်ဘုရရက်ကိုက",
    "000000003": "ံးပဲစားင့်တက်လာ",
    "000000004": "ပေးထု့လိုပါတယ",
    "000000005": "ီးအပြန်တလည်းစ",
    "000000006": "်။ထို့အ်အိုစော",
    "000000007": "တစ်နှစ်လျ်းစားသုံ",
    "000000008": "သုံးမှုမှပဲစားတ",
    "000000009": "ယ်။၁လေးညို၊",
    "000000010": "်ပါတယ်။ေးမှုသုံး",
    "000000011": "န်ရည်ရွယးသောက်သ",
    "000000012": "းပေးအေတဲ့သူတ",
    "000000013": "တန်ချိန််ထားသောပ",
    "000000014": "ါတယ်။၃ညနေ။၂ဗို",
    "000000015": "်၊ထောပေးများ",
    "000000016": "ဒါဆိုရ့ကျင့်",
    "000000017": "င့်မြန်မာမှတ်ဝယ်ယူ",
    "000000018": "အတွက်စိတေးများဤစာ",
    "000000019": "ပသည်။အုပ်စုတစ်",
    "000000020": "းဝယ်ရေးဝနင်းသို့",
    "000000021": "ဌာနအောျအောင်လုပ",
    "000000022": "ာ်ကြာျင့်ခန်းအ",
    "000000023": "းကမိန့်ခွောင့်",
    "000000024": "ြန်တွင်ပဲိုးကျွ",
    "000000025": "လျော့ကျစေပ်ရေးပျ",
    "000000026": "းကြီးခီတာမင",
    "000000027": "်မှလေ့လားသန်းရော",
    "000000028": "မာ၈ဗီတာမင်မှု၅ရှ",
    "000000029": "ုနဲ့မြီးဌာနဒု",
    "000000030": "ကန်ရန်ုကန်ရန်ဝ",
    "000000031": "ြောင့်ာနအမြဲတမ်",
    "000000032": "၁၀၀မီလီဂထွက်ရှ",
    "000000033": "လောင်များဤစာဖတ",
    "000000034": "ခြင်း၊ဈ်မာနိုင်င",
    "000000035": "တွင်ထည့်ု့မှုတန",
    "000000036": "စ်ခြိုကိုတွ",
    "000000037": "န်ဒုတာနိုင်ငံ၏",
    "000000038": "ျို့တဲ့မာင်းလဲ",
    "000000039": "ဖတ်သူမျထည့်သွင",
    "000000040": "ြန်မာလူမ့ယုံကြည",
    "000000041": "ရေးဝန်ကြထည့်သွင်",
    "000000042": "ရောင်းဝ်ရှောက်ရ",
    "000000043": "ကျင့်မှာ၇၈နာရီ",
    "000000044": "ိုမည်သိုောင်စ",
    "000000045": "်။ထို့အိရပါတယ်။အ",
    "000000046": "ျားပြည်သလျော့ကျအေ",
    "000000047": "ေကတစ်ညမှာုံးပြ",
    "000000048": "ံးမျိုး်းစေလို့ဖ",
    "000000049": "ီးသောျက်ကိုပြေ"
  },
  "sizes": {
    "000000000": [
      106,
      32
    ],
    "000000001": [
      114,
      32
    ],
    "000000002": [
      113,
      32
    ],
    "000000003": [
      185,
      32
    ],
    "000000004": [
      183,
      32
    ],
    "000000005": [
      141,
      32
    ],
    "000000006": [
      144,
      32
    ],
    "000000007": [
      132,
      32
    ],
    "000000008": [
      136,
      32
    ],
    "000000009": [
      137,
      32
    ],
    "000000010": [
      180,
      32
    ],
    "000000011": [
      168,
      32
    ],
    "000000012": [
      150,
      32
    ],
    "000000013": [
      147,
      32
    ],
    "000000014": [
      182,
      32
    ],
    "000000015": [
      202,
      32
    ],
    "000000016": [
      122,
      32
    ],
    "000000017": [
      146,
      32
    ],
    "000000018": [
      200,
      32
    ],
    "000000019": [
      152,
      32
    ],
    "000000020": [
      150,
      32
    ],
    "000000021": [
      177,
      32
    ],
    "000000022": [
      140,
      32
    ],
    "000000023": [
      120,
      32
    ],
    "000000024": [
      113,
      32
    ],
    "000000025": [
      190,
      32
    ],
    "000000026": [
      125,
      32
    ],
    "000000027": [
      181,
      32
    ],
    "000000028": [
      155,
      32
    ],
    "000000029": [
      123,
      32
    ],
    "000000030": [
      140,
      32
    ],
    "000000031": [
      138,
      32
    ],
    "000000032": [
      179,
      32
    ],
    "000000033": [
      187,
      32
    ],
    "000000034": [
      148,
      32
    ],
    "000000035": [
      135,
      32
    ],
    "000000036": [
      104,
      32
    ],
    "000000037": [
      121,
      32
    ],
    "000000038": [
      108,
      32
    ],
    "000000039": [
      133,
      32
    ],
    "000000040": [
      123,
      32
    ],
    "000000041": [
      174,
      32
    ],
    "000000042": [
      164,
      32
    ],
    "000000043": [
      112,
      32
    ],
    "000000044": [
      114,
      32
    ],
    "000000045": [
      182,
      32
    ],
    "000000046": [
      187,
      32
    ],
    "000000047": [
      168,
      32
    ],
    "000000048": [
      119,
      32
    ],
    "000000049": [
      151,
      32
    ]
  }
}