{
  "num-samples": 50,
  "labels": {
    "000000000": "က်နေပြ",
    "000000001": "ာမင်ဒ",
    "000000002": "ါလိမ့်မယ်",
    "000000003": "ီးနှစ",
    "000000004": "ဒီဟာအဆီ",
    "000000005": "ါ။အနားယူ",
    "000000006": "ဲ့အစေ့အဆ",
    "000000007": "ြည်ပသိ",
    "000000008": "ဦးကိုမတ",
    "000000009": "ှာအဆီတ",
    "000000010": "ယူပါ။န",
    "000000011": "်မြင့်",
    "000000012": "။၆ဒိန်",
    "000000013": "ုပ်သည့်ပြ",
    "000000014": "ု့ပဲရောင",
    "000000015": "ဟာရချ",
    "000000016": "တ်ပြန်ပေ",
    "000000017": "၁၆ရက်",
    "000000018": "ါစေလို",
    "000000019": "အောင်ယူပ",
    "000000020": "းအတွက",
    "000000021": "ါတယ်။",
    "000000022": "ဘယ်လောက",
    "000000023": "သုံးပြ",
    "000000024": "သုံးရ",
    "000000025": "ပဲစားသ",
    "000000026": "ိုက်အဆီလျ",
    "000000027": "သာကိုကန",
    "000000028": "ေးကွက",
    "000000029": "စားပွ",
    "000000030": "ပါ။နှင",
    "000000031": "ိနစ်လောက်",
    "000000032": "င်စုဝန်",
    "000000033": "တိယဝန်",
    "000000034": "ကိုတွ",
    "000000035": "းခြင်",
    "000000036": "်ချိန်တ",
    "000000037": "ုချေဖျ",
    "000000038": "န်းစတဲ့",
    "000000039": "။ဝန်မလေး",
    "000000040": "ာင်းလ",
    "000000041": "ုးတက်လာစေ",
    "000000042": "ပါတယ်။မျှ",
    "000000043": "င်လေ့ကျ",
    "000000044": "မ်းဗိ",
    "000000045": "လေးမှုသု",
    "000000046": "ကဈေးကြီး",
    "000000047": "ာင်မှု",
    "000000048": "င်လုပ",
    "000000049": "။တစ်တန်ကိ"
  },
  "sizes": {
    "000000000": [
      171,
      32
    ],
    "000000001": [
      113,
      32
    ],
    "000000002": [
      207,
      32
    ],
    "000000003": [
      138,
      32
    ],
    "000000004": [
      172,
      32
    ],
    "000000005": [
      168,
      32
    ],
    "000000006": [
      211,
      32
    ],
    "000000007": [
      144,
      32
    ],
    "000000008": [
      115,
      32
    ],
    "000000009": [
      129,
      32
    ],
    "000000010": [
      135,
      32
    ],
    "000000011": [
      106,
      32
    ],
    "000000012": [
      94,
      32
    ],
    "000000013": [
      171,
      32
    ],
    "000000014": [
      156,
      32
    ],
    "000000015": [
      91,
      32
    ],
    "000000016": [
      174,
      32
    ],
    "000000017": [
      81,
      32
    ],
    "000000018": [
      150,
      32
    ],
    "000000019": [
      178,
      32
    ],
    "000000020": [
      121,
      32
    ],
    "000000021": [
      122,
      32
    ],
    "000000022": [
      200,
      32
    ],
    "000000023": [
      141,
      32
    ],
    "000000024": [
      103,
      32
    ],
    "000000025": [
      100,
      32
    ],
    "000000026": [
      232,
      32
    ],
    "000000027": [
      118,
      32
    ],
    "000000028": [
      103,
      32
    ],
    "000000029": [
      79,
      32
    ],
    "000000030": [
      116,
      32
    ],
    "000000031": [
      208,
      32
    ],
    "000000032": [
      112,
      32
    ],
    "000000033": [
      148,
      32
    ],
    "000000034": [
      139,
      32
    ],
    "000000035": [
      75,
      32
    ],
    "000000036": [
      129,
      32
    ],
    "000000037": [
      100,
      32
    ],
    "000000038": [
      183,
      32
    ],
    "000000039": [
      173,
      32
    ],
    "000000040": [
      90,
      32
    ],
    "000000041": [
      146,
      32
    ],
    "000000042": [
      155,
      32
    ],
    "000000043": [
      126,
      32
    ],
    "000000044": [
      107,
      32
    ],
    "000000045": [
      154,
      32
    ],
    "000000046": [
      192,
      32
    ],
    "000000047": [
      125,
      32
    ],
    "000000048": [
      94,
      32
    ],
    "000000049": [
      194,
      32
    ]
  }
}