{
  "num-samples": 50,
  "labels": {
    "000000000": "ာ့ကျအေ်ဦးတို",
    "000000001": "်းအားပေးီယမ်ဟာ",
    "000000002": "ဲထမင်း၊ပ်အသင်္ခတဓ",
    "000000003": "နှင့်ပဲတပဈေးက",
    "000000004": "ပြီးစဥပမာဆန",
    "000000005": "းပြည်တြစ်စေ",
    "000000006": "်ကြီးုတ်ပါဘူ",
    "000000007": "းခြင်းစသုဒုတိ",
    "000000008": "န်းပိုမျာန်းလျော့က",
    "000000009": "လိပ်သောကမြင့်ကဆ",
    "000000010": "ောပဲထမသည်။မြန်",
    "000000011": "ားရေးမြးပွဲတော်",
    "000000012": "ြောင့်ပဲမျိုးပဲ",
    "000000013": "မျိုးပဲစ်ဝိုက်",
    "000000014": "ုသည်။ပြည်က်လာစေရ",
    "000000015": "ိုင်းအပါုက်အဆီ၈၁",
    "000000016": "ငံတွင်စကလေးမျ",
    "000000017": "ိရပါတယ်။အ်နှံစာဥ",
    "000000018": "းရှိခိုးဦသုံးမျိ",
    "000000019": "့ကျင့်ထနည်းနေ",
    "000000020": "ာက်ပါတ္တာတ",
    "000000021": "ခေါက်ဆမ်းပေါ",
    "000000022": "ပ်ပြီးစား်ခါအောင်",
    "000000023": "းရင်တူးသန်",
    "000000024": "ြစ်ပါတယ်။ည်။ထိ",
    "000000025": "ြီးဌာနကဦွေးပြီး",
    "000000026": "န့်ပဲအံးပျော်ရွ",
    "000000027": "န်းထည့တ်ထားသော",
    "000000028": "င်းဝယ်ရများကို",
    "000000029": "ည်ကြပါတယ််သွင်",
    "000000030": "ကိုဖြစိုမည်သို့",
    "000000031": "ါတယ်။၇စိတ်။ဒါဆိုရင",
    "000000032": "ု့သည်လူ်တာကြော",
    "000000033": "စ်သက်ကသူများ",
    "000000034": "်လောက်နာဝမ်းဗို",
    "000000035": "ဆရာတာ်အရးကြို",
    "000000036": "က်ရေးဂးဘူး။ကိ",
    "000000037": "့ဖြစ်တယ််သောပ",
    "000000038": "င့်ပဲမားအတွက်",
    "000000039": "်ကယ်လိ။တခြားအစ",
    "000000040": "မတင်လေ့ကဂေဟာတွင",
    "000000041": "ပြုတ်ရ်သုံး",
    "000000042": "အားမြှင့ရမှာဖ",
    "000000043": "ရပါတယ်။၁ျားကြောင်",
    "000000044": "ေစုပြီးရှိခိုးဦ",
    "000000045": "ြီးနေခြ်နိုင်",
    "000000046": "ံစားသုံောင်းလဲရ",
    "000000047": "၈ဗီတာမငပွားရေးန",
    "000000048": "ရေးဝန်ကြအဆီချပေးတ",
    "000000049": "်ကြောင်းနခင်ကိုက"
  },
  "sizes": {
    "000000000": [
      128,
      32
    ],
    "000000001": [
      170,
      32
    ],
    "000000002": [
      198,
      32
    ],
    "000000003": [
      137,
      32
    ],
    "000000004": [
      138,
      32
    ],
    "000000005": [
      113,
      32
    ],
    "000000006": [
      124,
      32
    ],
    "000000007": [
      127,
      32
    ],
    "000000008": [
      127,
      32
    ],
    "000000009": [
      177,
      32
    ],
    "000000010": [
      176,
      32
    ],
    "000000011": [
      116,
      32
    ],
    "000000012": [
      97,
      32
    ],
    "000000013": [
      78,
      32
    ],
    "000000014": [
      204,
      32
    ],
    "000000015": [
      155,
      32
    ],
    "000000016": [
      142,
      32
    ],
    "000000017": [
      141,
      32
    ],
    "000000018": [
      119,
      32
    ],
    "000000019": [
      151,
      32
    ],
    "000000020": [
      194,
      32
    ],
    "000000021": [
      177,
      32
    ],
    "000000022": [
      178,
      32
    ],
    "000000023": [
      107,
      32
    ],
    "000000024": [
      114,
      32
    ],
    "000000025": [
      124,
      32
    ],
    "000000026": [
      100,
      32
    ],
    "000000027": [
      196,
      32
    ],
    "000000028": [
      122,
      32
    ],
    "000000029": [
      170,
      32
    ],
    "000000030": [
      130,
      32
    ],
    "000000031": [
      176,
      32
    ],
    "000000032": [
      164,
      32
    ],
    "000000033": [
      176,
      32
    ],
    "000000034": [
      140,
      32
    ],
    "000000035": [
      172,
      32
    ],
    "000000036": [
      126,
      32
    ],
    "000000037": [
      140,
      32
    ],
    "000000038": [
      139,
      32
    ],
    "000000039": [
      194,
      32
    ],
    "000000040": [
      244,
      32
    ],
    "000000041": [
      84,
      32
    ],
    "000000042": [
      129,
      32
    ],
    "000000043": [
      168,
      32
    ],
    "000000044": [
      110,
      32
    ],
    "000000045": [
      104,
      32
    ],
    "000000046": [
      140,
      32
    ],
    "000000047": [
      236,
      32
    ],
    "000000048": [
      176,
      32
    ],
    "000000049": [
      175,
      32
    ]
  }
}