{
  "num-samples": 50,
  "labels": {
    "000000000": "ဌာနအောေလို့ဖ",
    "000000001": "်တစ်သန်းခကသာဝမ်းဗိ",
    "000000002": "ပြောသည််။၄စောစ",
    "000000003": "ြောင့ုးအောင်မြ",
    "000000004": "်ထားသုမည်သို့",
    "000000005": "ရှင်းပြသငံတကာ",
    "000000006": "တင်ပို့နတာမင်",
    "000000007": "်းတငှက်တိဟုဒုတိယ",
    "000000008": "ကြိုကိုက်ပ",
    "000000009": "ှုတိုးတကုအနိုင်ယ",
    "000000010": "ယ်။၉ဆေ်။မြန်မ",
    "000000011": "်း၊ဈေးနှမြှင့်လေ့",
    "000000012": "ော်တွင်သပေးပါတယ်",
    "000000013": "းဝယ်ရေးော်များကျ",
    "000000014": "ာများကိြပါစေလ",
    "000000015": "င်းတငဦးဆောင်",
    "000000016": "က်မှာအဆီတ်။ကယ်လ်စ",
    "000000017": "်နှစ်ခြိာမင်ဒီ",
    "000000018": "တာကိုတီခန့်ပ",
    "000000019": "ွင်ဒုတိကူးသန်",
    "000000020": "ောင်စင်ပြု",
    "000000021": "မှုမြောင်ထူးက",
    "000000022": "ေးနှုနံကြည်",
    "000000023": "ယနိုင်ငံမီတွေကိုခ",
    "000000024": "င်းပြေစိုးရကပ",
    "000000025": "ထောပတ်သီကြီးဌာနဒု",
    "000000026": "းကိုဒုတိါတယ်။ဒ",
    "000000027": "ီးဌာနို့သည",
    "000000028": "ပသည်။ကမ္ဘဝင်တစ်",
    "000000029": "က်ကိုတုန်လည်းမေတ",
    "000000030": "ီးနှစင့်ခန်",
    "000000031": "းထွက်ပြီးရင်တရ",
    "000000032": "းအဝေးခြည်နု",
    "000000033": "ယဝန်ကြီဲစိုက်",
    "000000034": "ြပါစေိန်တွင်",
    "000000035": "နစ်လောက်န။ဆုံးဖြတ်",
    "000000036": "ိုးမြှင့့််ပြီ",
    "000000037": "ပဲစို်နုနုမှဗ",
    "000000038": "့ကျင့်ခးခြင်း",
    "000000039": "ရေးနှင့ေးနှင့်",
    "000000040": "်အာဟာ်ပိုင်",
    "000000041": "ုအများဲများ",
    "000000042": "်တွင်စီုကန်ရန်ဝန",
    "000000043": "ိုချေဖျုကြောင့်မ",
    "000000044": "သည်အသင်ျော်ရွင",
    "000000045": "ုင်တဲ့အရာိုကလေးမျ",
    "000000046": "်မြန်မာအမြဲတမ်",
    "000000047": "်စေနိုငရားကြီးအ",
    "000000048": "်ရေးဝြသည်။ထိ",
    "000000049": "ာတွေကိ်းကိုက"
  },
  "sizes": {
    "000000000": [
      115,
      32
    ],
    "000000001": [
      207,
      32
    ],
    "000000002": [
      135,
      32
    ],
    "000000003": [
      128,
      32
    ],
    "000000004": [
      134,
      32
    ],
    "000000005": [
      152,
      32
    ],
    "000000006": [
      129,
      32
    ],
    "000000007": [
      163,
      32
    ],
    "000000008": [
      102,
      32
    ],
    "000000009": [
      157,
      32
    ],
    "000000010": [
      140,
      32
    ],
    "000000011": [
      128,
      32
    ],
    "000000012": [
      179,
      32
    ],
    "000000013": [
      169,
      32
    ],
    "000000014": [
      150,
      32
    ],
    "000000015": [
      129,
      32
    ],
    "000000016": [
      204,
      32
    ],
    "000000017": [
      132,
      32
    ],
    "000000018": [
      105,
      32
    ],
    "000000019": [
      116,
      32
    ],
    "000000020": [
      110,
      32
    ],
    "000000021": [
      121,
      32
    ],
    "000000022": [
      120,
      32
    ],
    "000000023": [
      135,
      32
    ],
    "000000024": [
      113,
      32
    ],
    "000000025": [
      206,
      32
    ],
    "000000026": [
      134,
      32
    ],
    "000000027": [
      112,
      32
    ],
    "000000028": [
      199,
      32
    ],
    "000000029": [
      157,
      32
    ],
    "000000030": [
      78,
      32
    ],
    "000000031": [
      143,
      32
    ],
    "000000032": [
      114,
      32
    ],
    "000000033": [
      113,
      32
    ],
    "000000034": [
      117,
      32
    ],
    "000000035": [
      196,
      32
    ],
    "000000036": [
      90,
      32
    ],
    "000000037": [
      88,
      32
    ],
    "000000038": [
      117,
      32
    ],
    "000000039": [
      113,
      32
    ],
    "000000040": [
      125,
      32
    ],
    "000000041": [
      127,
      32
    ],
    "000000042": [
      147,
      32
    ],
    "000000043": [
      157,
      32
    ],
    "000000044": [
      149,
      32
    ],
    "000000045": [
      160,
      32
    ],
    "000000046": [
      139,
      32
    ],
    "000000047": [
      140,
      32
    ],
    "000000048": [
      125,
      32
    ],
    "000000049": [
      130,
      32
    ]
  }
}