{
  "num-samples": 50,
  "labels": {
    "000000000": "တွက်ဗို",
    "000000001": "ဦးတိုးအ",
    "000000002": "န်မလေ",
    "000000003": "စ်ပါတယ်",
    "000000004": "်မလေးဘူ",
    "000000005": "့သည်လူရှ",
    "000000006": "တန်ချိ",
    "000000007": "်လျှက်",
    "000000008": "းကြုံ",
    "000000009": "ုရားကြီ",
    "000000010": "သူတွေအတ",
    "000000011": "ပ်သော",
    "000000012": "်။၆ဒိန",
    "000000013": "ုးပဲမ",
    "000000014": "ရကပဲစား",
    "000000015": "မှုကြော",
    "000000016": "နှစ်လကျေ",
    "000000017": "ိုလ်မှလေ့",
    "000000018": "အတင်းထို",
    "000000019": "ကြောင်း",
    "000000020": "ှံစာဥ",
    "000000021": "ရပါတယ်။၃ည",
    "000000022": "။၈ဗီတ",
    "000000023": "်ပုပ်ကိုရ",
    "000000024": "ုကြို",
    "000000025": "ိုးကျွ",
    "000000026": "ုတိယဝန်",
    "000000027": "်ကမ္မဋ္",
    "000000028": "ရည်သော",
    "000000029": "ရည်ရွ",
    "000000030": "ဲမရောင်",
    "000000031": "င်းလေ့",
    "000000032": "့လာတွေ့",
    "000000033": "ကရှင်းပ",
    "000000034": "င်းပြသည",
    "000000035": "်ပြည်တ",
    "000000036": "န်မာလူမျ",
    "000000037": "က်နှစ်သက်",
    "000000038": "းရွယ်",
    "000000039": "ခံစားမ",
    "000000040": "ပါတယ်",
    "000000041": "ီးကရှင်းပ",
    "000000042": "ားအနက်တစ",
    "000000043": "ျမ်းမ",
    "000000044": "မူကြိုကလေ",
    "000000045": "်ပါ။န",
    "000000046": "့်ခန်း",
    "000000047": "းချိန",
    "000000048": "းထုတ်ပြ",
    "000000049": "ို့တေ"
  },
  "sizes": {
    "000000000": [
      128,
      32
    ],
    "000000001": [
      78,
      32
    ],
    "000000002": [
      83,
      32
    ],
    "000000003": [
      159,
      32
    ],
    "000000004": [
      144,
      32
    ],
    "000000005": [
      123,
      32
    ],
    "000000006": [
      84,
      32
    ],
    "000000007": [
      112,
      32
    ],
    "000000008": [
      71,
      32
    ],
    "000000009": [
      136,
      32
    ],
    "000000010": [
      123,
      32
    ],
    "000000011": [
      106,
      32
    ],
    "000000012": [
      76,
      32
    ],
    "000000013": [
      75,
      32
    ],
    "000000014": [
      74,
      32
    ],
    "000000015": [
      120,
      32
    ],
    "000000016": [
      122,
      32
    ],
    "000000017": [
      138,
      32
    ],
    "000000018": [
      108,
      32
    ],
    "000000019": [
      108,
      32
    ],
    "000000020": [
      69,
      32
    ],
    "000000021": [
      170,
      32
    ],
    "000000022": [
      71,
      32
    ],
    "000000023": [
      126,
      32
    ],
    "000000024": [
      75,
      32
    ],
    "000000025": [
      69,
      32
    ],
    "000000026": [
      115,
      32
    ],
    "000000027": [
      82,
      32
    ],
    "000000028": [
      107,
      32
    ],
    "000000029": [
      47,
      32
    ],
    "000000030": [
      112,
      32
    ],
    "000000031": [
      71,
      32
    ],
    "000000032": [
      89,
      32
    ],
    "000000033": [
      86,
      32
    ],
    "000000034": [
      85,
      32
    ],
    "000000035": [
      88,
      32
    ],
    "000000036": [
      152,
      32
    ],
    "000000037": [
      138,
      32
    ],
    "000000038": [
      70,
      32
    ],
    "000000039": [
      72,
      32
    ],
    "000000040": [
      81,
      32
    ],
    "000000041": [
      112,
      32
    ],
    "000000042": [
      131,
      32
    ],
    "000000043": [
      43,
      32
    ],
    "000000044": [
      123,
      32
    ],
    "000000045": [
      75,
      32
    ],
    "000000046": [
      44,
      32
    ],
    "000000047": [
      85,
      32
    ],
    "000000048": [
      107,
      32
    ],
    "000000049": [
      72,
      32
    ]
  }
}