{
  "num-samples": 50,
  "labels": {
    "000000000": "ြင့်ကဆ",
    "000000001": "တ်ရသေးဘူ",
    "000000002": "ည်နုနုမှဗ",
    "000000003": "န်းပို",
    "000000004": "်ငံမှပဲ",
    "000000005": "င်းနှင",
    "000000006": "သည်။န",
    "000000007": "ဒီရအော",
    "000000008": "ူတော်",
    "000000009": "သည်လူ",
    "000000010": "လုပ်သ",
    "000000011": "ုံရောင်",
    "000000012": "့်ပါတယ်",
    "000000013": "ဆန်လုံးညိ",
    "000000014": "ာကထိုင်ထ",
    "000000015": "ဆောင်တ",
    "000000016": "ှိခို",
    "000000017": "ျအောင်လု",
    "000000018": "ရာတာ်အ",
    "000000019": "ြှင့်လ",
    "000000020": "ှင့်လာစ",
    "000000021": "ျက်ကိုပြ",
    "000000022": "ပဲစားပွဲ",
    "000000023": "လျှော့",
    "000000024": "တဲ့သူတွ",
    "000000025": "ည့်လေ့ကျ",
    "000000026": "ှိုင်းအစ",
    "000000027": "ပ်ကိုရှ",
    "000000028": "ပျက်တာကဆ",
    "000000029": "ပ်မောကျ",
    "000000030": "သေကော",
    "000000031": "ဘာအေးဘု",
    "000000032": "င်းပြော",
    "000000033": "ါ့မယ်",
    "000000034": "ကရှင်",
    "000000035": "ွင်းပ",
    "000000036": "းဗိုက်",
    "000000037": "်ပြည်ပသ",
    "000000038": "်ဒီရအောင်",
    "000000039": "်သောက",
    "000000040": "ူသေကေ",
    "000000041": "ဆီတွေ",
    "000000042": "ဆေးလိပ်သ",
    "000000043": "းတဲ့ကောက်",
    "000000044": "တက္ကသို",
    "000000045": "ဝင်တစ",
    "000000046": "်။မြန်",
    "000000047": "လင်းရ",
    "000000048": "ိုးပဲမိ",
    "000000049": "့တင်ပို့န"
  },
  "sizes": {
    "000000000": [
      92,
      32
    ],
    "000000001": [
      159,
      32
    ],
    "000000002": [
      109,
      32
    ],
    "000000003": [
      91,
      32
    ],
    "000000004": [
      88,
      32
    ],
    "000000005": [
      91,
      32
    ],
    "000000006": [
      77,
      32
    ],
    "000000007": [
      81,
      32
    ],
    "000000008": [
      73,
      32
    ],
    "000000009": [
      97,
      32
    ],
    "000000010": [
      108,
      32
    ],
    "000000011": [
      119,
      32
    ],
    "000000012": [
      101,
      32
    ],
    "000000013": [
      131,
      32
    ],
    "000000014": [
      93,
      32
    ],
    "000000015": [
      125,
      32
    ],
    "000000016": [
      32,
      32
    ],
    "000000017": [
      164,
      32
    ],
    "000000018": [
      87,
      32
    ],
    "000000019": [
      98,
      32
    ],
    "000000020": [
      120,
      32
    ],
    "000000021": [
      125,
      32
    ],
    "000000022": [
      137,
      32
    ],
    "000000023": [
      74,
      32
    ],
    "000000024": [
      82,
      32
    ],
    "000000025": [
      126,
      32
    ],
    "000000026": [
      111,
      32
    ],
    "000000027": [
      82,
      32
    ],
    "000000028": [
      144,
      32
    ],
    "000000029": [
      116,
      32
    ],
    "000000030": [
      99,
      32
    ],
    "000000031": [
      97,
      32
    ],
    "000000032": [
      129,
      32
    ],
    "000000033": [
      105,
      32
    ],
    "000000034": [
      70,
      32
    ],
    "000000035": [
      60,
      32
    ],
    "000000036": [
      74,
      32
    ],
    "000000037": [
      77,
      32
    ],
    "000000038": [
      140,
      32
    ],
    "000000039": [
      114,
      32
    ],
    "000000040": [
      66,
      32
    ],
    "000000041": [
      66,
      32
    ],
    "000000042": [
      130,
      32
    ],
    "000000043": [
      134,
      32
    ],
    "000000044": [
      111,
      32
    ],
    "000000045": [
      69,
      32
    ],
    "000000046": [
      72,
      32
    ],
    "000000047": [
      101,
      32
    ],
    "000000048": [
      98,
      32
    ],
    "000000049": [
      139,
      32
    ]
  }
}